-- phpMyAdmin SQL Dump
-- version 3.2.0.1
-- http://www.phpmyadmin.net
--
-- 主机: localhost
-- 生成日期: 2012 年 04 月 08 日 17:13
-- 服务器版本: 5.0.83
-- PHP 版本: 5.2.10

SET SQL_MODE="NO_AUTO_VALUE_ON_ZERO";

--
-- 数据库: `simblog2`
--

-- --------------------------------------------------------

--
-- 表的结构 `attachment`
--

CREATE TABLE IF NOT EXISTS `attachment` (
  `id` int(10) unsigned NOT NULL auto_increment,
  `name` varchar(30) NOT NULL,
  `path` varchar(30) NOT NULL,
  `suffix` varchar(10) NOT NULL COMMENT '后缀',
  `size` double(6,1) unsigned NOT NULL default '0.0',
  `isimage` tinyint(1) unsigned NOT NULL default '1',
  `isthumbnail` tinyint(1) unsigned NOT NULL default '0' COMMENT '是否是文章代表图像',
  `addtime` int(10) unsigned NOT NULL COMMENT '上传时间戳',
  `userid` mediumint(8) unsigned NOT NULL COMMENT '上传人ID',
  PRIMARY KEY  (`id`),
  KEY `userid` (`userid`)
) ENGINE=MyISAM  DEFAULT CHARSET=utf8 COMMENT='附件表' AUTO_INCREMENT=4 ;

--
-- 转存表中的数据 `attachment`
--

INSERT INTO `attachment` (`id`, `name`, `path`, `suffix`, `size`, `isimage`, `isthumbnail`, `addtime`, `userid`) VALUES
(1, '亡命驾驶', './image/test.jpg', 'jpg', 35.0, 1, 0, 134566789, 1),
(2, '这个杀手不太冷', './image/test2.jpg', 'jpg', 64.0, 1, 0, 1323943593, 1),
(3, '墨水', './image/ink.jpg', 'jpg', 89.0, 1, 0, 1323412463, 1);

-- --------------------------------------------------------

--
-- 表的结构 `category`
--

CREATE TABLE IF NOT EXISTS `category` (
  `id` mediumint(8) unsigned NOT NULL auto_increment,
  `category` varchar(30) NOT NULL COMMENT '类别名',
  `pid` mediumint(8) NOT NULL default '0' COMMENT '父级ID',
  `ispublic` tinyint(1) NOT NULL default '1' COMMENT '是否可见',
  PRIMARY KEY  (`id`),
  KEY `pid` (`pid`)
) ENGINE=MyISAM  DEFAULT CHARSET=utf8 COMMENT='文章类别' AUTO_INCREMENT=6 ;

--
-- 转存表中的数据 `category`
--

INSERT INTO `category` (`id`, `category`, `pid`, `ispublic`) VALUES
(1, '生活点滴', 0, 1),
(2, 'PHP', 0, 1),
(3, '前端', 0, 1),
(4, '吹水', 0, 1),
(5, '转载', 0, 1);

-- --------------------------------------------------------

--
-- 表的结构 `comment`
--

CREATE TABLE IF NOT EXISTS `comment` (
  `id` int(10) unsigned NOT NULL auto_increment,
  `postid` int(10) unsigned NOT NULL COMMENT '文章ID',
  `userid` mediumint(8) unsigned NOT NULL default '0' COMMENT '用户ID',
  `author` varchar(20) default NULL COMMENT '评论人昵称',
  `email` varchar(30) default NULL COMMENT '评论人email',
  `url` varchar(50) default NULL COMMENT '评论人网站',
  `commenttime` int(10) unsigned NOT NULL COMMENT '评论时间戳',
  `ispublic` tinyint(1) unsigned NOT NULL default '1' COMMENT '是否通过审核',
  `content` text NOT NULL COMMENT '评论内容',
  `pid` int(10) unsigned NOT NULL default '0' COMMENT '父级ID',
  `isneednotice` tinyint(1) unsigned NOT NULL default '0' COMMENT '是否需要有回复时邮件通知',
  `ip` int(10) unsigned NOT NULL COMMENT '评论人IP',
  PRIMARY KEY  (`id`),
  KEY `postid` (`postid`,`userid`,`pid`)
) ENGINE=MyISAM  DEFAULT CHARSET=utf8 COMMENT='评论表' AUTO_INCREMENT=30 ;

--
-- 转存表中的数据 `comment`
--

INSERT INTO `comment` (`id`, `postid`, `userid`, `author`, `email`, `url`, `commenttime`, `ispublic`, `content`, `pid`, `isneednotice`, `ip`) VALUES
(1, 1, 0, '肥仔聪', 'fatboy@163.com', 'fatboy.com', 1257091200, 1, '<strong>我们理工</strong>类的面试应该都要解答一些实际而又基础的问题吧，如果问我为什么污水口的盖是圆的话，我真不太会了…', 0, 1, 3071236922),
(2, 2, 0, 'mcc', '307133793@qq.com', '', 1260794169, 1, '虽然我专业不是计算机的，但是我对web开发发面还是很感兴趣的，对于兴趣嘛，社会总是残酷的，我觉得我们', 0, 1, 3051216922),
(3, 1, 2, 'paperen', 'paperen@gmail.com', 'iamlze.cn', 1261883250, 1, '嗯…应该是与判断邮箱正确性的正则有关…算了，懒得改了，忽略你的邮箱', 1, 0, 3071234922),
(4, 1, 0, '测试者', 'test@gmail.com', NULL, 1261983250, 1, '为什么没有干你娘的车吧？为什么没有干你娘的车吧？为什么没有干你娘的车吧？为什么没有干你娘的车吧？为什么没有干你娘的车吧？为什么没有干你娘的车吧？为什么没有干你娘的车吧？为什么没有干你娘的车吧？为什么没有干你娘的车吧？为什么没有干你娘的车吧？', 1, 1, 0),
(5, 1, 0, '想读书的人 ', 'reader@gmail.com', NULL, 1258091200, 1, '刚开始看到这部影片的时候并没有想那么多，纯属是想找一点娱乐，但看完以后，觉得内心暖暖的。 生活太孤独了，人生很寂寞，现在很多人经常看到自己网络账号上面有上百个好友，却找不到真正知心的。于是叹乎知己难求…… 知心，不是只有他知你，或者只有你知他，而是彼此互相知心，交谈之间不必害怕会说错什么话会伤害对方，而能知......', 0, 1, 0),
(6, 1, 0, 'Tom(憋屎胡同)', 'tom@gmail.com', 'http://tom.me', 1333824144, 1, '月熊我也一直有在关注，我没有那些公益事业者那么有爱心付出的那么多，但是我也想用自己的方式去做一点点事，所以就画了一套关于月熊的小图', 0, 1, 2130706433),
(7, 1, 0, 'Tom(憋屎胡同)', 'tom@gmail.com', 'http://tom.me', 1333824212, 1, '月熊我也一直有在关注，我没有那些公益事业者那么有爱心付出的那么多，但是我也想用自己的方式去做一点点事，所以就画了一套关于月熊的小图', 0, 1, 2130706433),
(8, 1, 0, 'Tom(憋屎胡同)', 'tom@gmail.com', 'http://tom.me', 1333824233, 1, '月熊我也一直有在关注，我没有那些公益事业者那么有爱心付出的那么多，但是我也想用自己的方式去做一点点事，所以就画了一套关于月熊的小图', 0, 1, 2130706433),
(9, 1, 0, 'Tom(憋屎胡同)', 'tom@gmail.com', 'http://tom.me', 1333824265, 1, '月熊我也一直有在关注，我没有那些公益事业者那么有爱心付出的那么多，但是我也想用自己的方式去做一点点事，所以就画了一套关于月熊的小图', 0, 1, 2130706433),
(10, 1, 0, '绊妄穿信实乱骂', 'jimmy@gmail.com', 'http://jimmy.me', 1333824705, 1, '一千个人的眼里有一千个哈姆雷特，相同的一个故事，每个人看到的都不一样，这才是戏剧的魅力吧。每个人因为自己的生活阅历和人生经验不通，看故事的着眼点与角度的差异，造成了每个人从同一个故事却所得不同。', 0, 1, 2130706433),
(11, 1, 0, '测试者', 'tester@gmail.com', '', 1333825832, 1, '她第一眼就喜欢上了他，多年后清楚地记得当时的场景。她对查尔斯说，在拥挤的房间里，或者是在草坪上。 第一眼，从看到他，她眼中就只有他。', 0, 1, 2130706433),
(12, 1, 0, 'stillGoingTop', 'stillGoingTop@yahoo.com', '', 1333825939, 1, '昨晚网上买好票，今早去看10点开场的。可能是因为周六的关系，上座率还不错。前座坐着一个秃顶大叔，正好进入视线，好闪亮啊～ 结论上来说，虽然有些部分的连接有点生硬，特别是加入宗教概念在里面，感觉有点做作。', 0, 1, 2130706433),
(13, 1, 0, '透见机器片翼', 'Knowsbest@gmail.com', '', 1333826076, 1, '又一个用上古遗迹和末日来做梗的灾难片，可惜从表面看这些梗已经老的不行了。而从剧情本身和特效来说，也略显拙劣。但是为毛我还給4星呢？还写这么长的评论？', 0, 1, 2130706433),
(14, 1, 0, '黄青蕉', 'banana@gmail.com', '', 1333853620, 1, '那，有深度的东西前面那么多人已经写了那么多，反正我就是从一而终开诚布公光明正大的好色了。所以接下来的内容有多花痴大家应该也已经有所心理准备了伐~', 13, 0, 2130706433),
(15, 1, 0, '黄青蕉', 'banana@gmail.com', '', 1333854064, 1, '123456789', 13, 0, 2130706433),
(16, 1, 0, 'johnson', 'johnson@gmail.com', '', 1333854227, 1, '很早就看到常去的那家小电影院贴了le havre的海报，一直没有去看，竟拖到了现在，然后又恰巧赶上了第二轮放映。', 10, 0, 2130706433),
(17, 1, 0, 'tester', 'tester@gmail.com', '', 1333854575, 1, '有些特别的喜剧片，本片导演大根仁延用了电视剧的表现手法，快节奏、漫画场景和台词，大量主角内心语，超量剧情卡拉OK，再加上新出现的四个各色美女，确实是赏心悦目、让人欢乐开心的好电影', 11, 0, 2130706433),
(18, 1, 0, 'paperen', 'paperen@gmail.com', 'http://iamlze.cn', 1333854891, 1, '很早就看到常去的那家小电影院贴了le havre的海报，一直没有去看，竟拖到了现在，然后又恰巧赶上了第二轮放映。放假嘛，刚好有时间，二话不说走起。', 0, 1, 2130706433),
(19, 1, 0, 'paperen', 'paperen@gmail.com', 'http://iamlze.cn', 1333854909, 1, '十几年前的【Titanic 】是我第一次走进电影院看的影片，和老妈一起看了那时绝对的大投资大创作。', 12, 0, 2130706433),
(20, 1, 0, 'nickcole', 'nickcole@gmail.com', '', 1333855016, 1, '影片开始即刻画了一个平凡无奇的擦鞋匠，每天赚十几欧元勉强养家糊口，以及当地的一名总是穿着风衣的监察官。擦鞋匠曾经是一名作家', 13, 0, 2130706433),
(21, 1, 0, 'paperen', 'paperen@gmail.com', 'http://iamlze.cn', 1333855788, 1, '只能说一般般。作为观众所享受的所谓幸福感，也就是受到大佬们肯定的那一刻的红眼圈，而这也是近两个小时预先铺垫，预料之中的。', 0, 1, 2130706433),
(22, 1, 0, 'tester', 'tester@gmail.com', 'http://tester.com', 1333855915, 1, '我老爱汤唯这样表面冷清、却不懂声色地打量男人，眼底暗送秋波的假正经女人。', 12, 0, 2130706433),
(23, 1, 0, 'Queenty', 'queenty@gmail.com', '', 1333856042, 1, '在豆瓣看了几篇关于《春娇与志明》的影评，终于在看电影六日之后写下这篇不算评论的评论。 好多人会拿《志明与春娇》和《春娇与志明》相比。', 1, 0, 2130706433),
(24, 1, 0, 'Queenty', 'queenty@gmail.com', 'http://queenty.com', 1333856066, 1, '在豆瓣看了几篇关于《春娇与志明》的影评，终于在看电影六日之后写下这篇不算评论的评论。 好多人会拿《志明与春娇》和《春娇与志明》相比。', 0, 1, 2130706433),
(25, 1, 0, 'Queenty', 'queenty@gmail.com', 'http://queenty.com', 1333860647, 1, '只能说一般般。作为观众所享受的所谓幸福感，也就是受到大佬们肯定的那一刻的红眼圈，而这也是近两个小时预先铺垫，预料之中的。', 21, 1, 2130706433),
(26, 1, 0, '不会爱的人', '160574809@qq.com', 'http://iamlze.cn', 1333860739, 1, '我是不喜欢发表自己观影感受的人，因为语言的贫乏和对电影点评能力的差劲让我几乎只能用“好看”“不好看”来评价一部电影。', 21, 1, 2130706433),
(27, 1, 0, '不会爱的人', '160574809@qq.com', 'http://iamlze.cn', 1333860755, 1, '我是不喜欢发表自己观影感受的人，因为语言的贫乏和对电影点评能力的差劲让我几乎只能用“好看”“不好看”来评价一部电影。', 0, 1, 2130706433),
(28, 1, 0, '芒果木瓜', '160574809@qq.com', 'http://iamlze.cn', 1333860798, 1, '有些特别的喜剧片，本片导演大根仁延用了电视剧的表现手法，快节奏、漫画场景和台词，大量主角内心语，超量剧情卡拉OK，再加上新出现的四个各色美女，确实是赏心悦目、让人欢乐开心的好电影。。。', 27, 1, 2130706433),
(29, 1, 0, '芒果木瓜', '160574809@qq.com', 'http://iamlze.cn', 1333861148, 1, '本片导演大根仁延用了电视剧的表现手法，快节奏、漫画场景和台词，大量主角内心语，超量剧情卡拉OK', 27, 1, 2130706433);

-- --------------------------------------------------------

--
-- 表的结构 `config`
--

CREATE TABLE IF NOT EXISTS `config` (
  `id` int(10) unsigned NOT NULL auto_increment,
  `key` varchar(20) NOT NULL COMMENT '配置项',
  `value` tinytext NOT NULL COMMENT '配置',
  PRIMARY KEY  (`id`),
  KEY `key` (`key`)
) ENGINE=MyISAM DEFAULT CHARSET=utf8 COMMENT='配置表' AUTO_INCREMENT=1 ;

--
-- 转存表中的数据 `config`
--


-- --------------------------------------------------------

--
-- 表的结构 `link`
--

CREATE TABLE IF NOT EXISTS `link` (
  `id` mediumint(8) unsigned NOT NULL auto_increment,
  `name` varchar(30) NOT NULL COMMENT '链接名',
  `url` varchar(50) NOT NULL COMMENT 'URL',
  `email` varchar(35) default NULL COMMENT '邮箱',
  `image` int(10) unsigned NOT NULL default '0' COMMENT '链接图片',
  `order` mediumint(8) unsigned NOT NULL default '0' COMMENT '排序',
  `meta` tinytext COMMENT '说明',
  PRIMARY KEY  (`id`),
  UNIQUE KEY `email` (`email`),
  KEY `image` (`image`)
) ENGINE=MyISAM  DEFAULT CHARSET=utf8 COMMENT='链接表' AUTO_INCREMENT=3 ;

--
-- 转存表中的数据 `link`
--

INSERT INTO `link` (`id`, `name`, `url`, `email`, `image`, `order`, `meta`) VALUES
(1, 'catman的博客', 'catman.c.blog.163.com', 'catman@163.com', 0, 0, '有为的青年'),
(2, '流风大侠', 'www.stormcn.cn', 'stormcn@163.com', 0, 0, '电脑报的刘版主');

-- --------------------------------------------------------

--
-- 表的结构 `post`
--

CREATE TABLE IF NOT EXISTS `post` (
  `id` int(10) unsigned NOT NULL auto_increment,
  `title` varchar(50) NOT NULL COMMENT '标题',
  `urltitle` varchar(50) NOT NULL COMMENT 'URL标题',
  `categoryid` mediumint(8) unsigned NOT NULL COMMENT '文章类别ID',
  `content` text NOT NULL COMMENT '文章内容',
  `authorid` mediumint(8) unsigned NOT NULL COMMENT '作者ID',
  `ispublic` tinyint(1) unsigned NOT NULL default '1' COMMENT '是否已经发布',
  `click` smallint(6) unsigned NOT NULL default '0' COMMENT '浏览数',
  `good` smallint(4) unsigned NOT NULL default '0' COMMENT '顶次数',
  `bad` smallint(4) unsigned NOT NULL default '0' COMMENT '踩次数',
  `savetime` int(10) unsigned NOT NULL COMMENT '保存时间戳',
  `posttime` int(10) unsigned NOT NULL COMMENT '发布时间戳',
  `isdraft` tinyint(1) unsigned NOT NULL default '0' COMMENT '是否是草稿',
  PRIMARY KEY  (`id`),
  KEY `categoryid` (`categoryid`),
  KEY `urltitle` (`urltitle`),
  KEY `author` (`authorid`),
  KEY `ispublic` (`ispublic`)
) ENGINE=MyISAM  DEFAULT CHARSET=utf8 COMMENT='文章表' AUTO_INCREMENT=37 ;

--
-- 转存表中的数据 `post`
--

INSERT INTO `post` (`id`, `title`, `urltitle`, `categoryid`, `content`, `authorid`, `ispublic`, `click`, `good`, `bad`, `savetime`, `posttime`, `isdraft`) VALUES
(1, 'I am Paperen', 'i-am-paperen', 1, '<P>今天终于组建了paper的博客，因为目前整个博客的功能都是自己编的，所以安全性方面还是个未知数，如果某位仁兄发现了我这个博客哪处有BUG的话，麻烦给我发个邮件:)。 </P>\r\n<P>对于paper的博客，我是不会考虑能获得什么盈利的了，肯定不会插入那些广告什么的来打乱自己网页的美观，我觉得开源真的很好，而任何东西一有商业的介入，一谈到钱就没了味道，我就是想用这样一个空间来锻炼一下自己，而重要的是可以与大家进行分享，包括自己的经验，包括自己生活上的。</P><P>“保持网络上的自己与现实的我一致性”，这句话是我在某个个人网站看到的，也是我比较赞同的一句话。虽然生活中我不太喜欢跟陌生人交流，虽然我是个内向的人，但是在这里我更愿意跟大家交流。 </P>\r\n<P>不过目前这个博客还是略显幼稚，功能很基本，代码很片面……当然一开始是想直接用WordPress算了，这个功能强大的php博客（当然也是开源的），但是既然自己都把博客的代码写好，就放出来呗，东西都是慢慢改善的啦，我相信WordPress一开始的时候也是像我现在这个博客这样，功能不会太强大的吧……（顺便自我安慰一下）在此再声明一下，此博客上除一些转载的文章外其他文章都是我paperen写的啦，希望如果有想转载的跟我说声就行，不说也勉强没所谓……哈哈，因为我觉得被大家认同就是很很很幸福的事情了。还有 不要乱发广告 啦，不要 乱留网址 ，如果想要友情链接的话，email我吧，我很欢迎。 </P>\r\n<P>慢慢完善，慢慢进步……正如我在today motto中写的那句：要学的东西还是很多很多，要走的路还是很长很长~~ </P>\r\n<P>最后：欢迎来到paper的博客！</P>', 1, 1, 1129, 1, 0, 0, 1256464078, 0),
(2, '11.2 天气 小雪，阴', '11.2-cold', 1, '<P>今年罕见的天气，早早就让我看到了雪，一早起来外面已经飘着小小的雪花，虽然没有北京那边那么大，但也算是下雪了。 </P>\r\n<P>大伙们都喊冷，一个个地添衣，自己昨晚还睡着凉席呢……大家都说我不是人了。 </P>\r\n<P>真没想到今年的天气冷得这么突然，前几天还十几度，今天就突然下雪了， 看着小雪花在外面随风打转，paperen我的心情也是有点奇怪的感觉，有点感触，也有点悲伤。或许是我又想多了，觉得雪并不是很美，美的只是我们面对下雪的时候的心情吧，会让大家不知不觉地就想到了某些事某些人。 </P>\r\n<P>paperen我今早上也终于换掉了凉席，宿舍还没供应暖气，确实有点冷，又看了《Head.First.PHP》三十几页后就来写点东西，下午paperen我就要去面试了，一家网络公司，不知道能不能被录用，一会再整理一下自己的作品。 </P>\r\n<P> 小雪花又停了，外面真的很冷，不知道是不是最后一次在青岛渡过冬天了，心情一下子又沉重了起来，面对长远的未来，paperen我还是觉得有点沉重。</P>', 1, 1, 995, 0, 0, 0, 1257091200, 0),
(3, '第一次面试', 'first-interview', 1, '<P>第一次面试经历真的挺?的……打算三点过去的，但是谁知道在我睡午觉的时候，那个公司的经理打电话来了，我还傻傻的说我刚才在睡觉（那天真的冻傻了……），还没过去就给别人一个不好的印象……看来自己习惯没有约束太久了…… </P>\r\n<P>冲冲忙忙地赶过去，连电梯都玩我，15楼按不上，没法只能在14楼下……差不多3点终于到了，经理让我坐会，自己留意一下环境，他们的办公室是一个个房间形式的，有压迫感，不太宽敞，讲真不是很喜欢这种环境，但是没法，我是来面试的而已。 </P>\r\n<P>经理问了我些问题，关于自己的水平与优势，当然也苦笑一下刚才自己午觉的事情……之后就给我一个小任务，给他们网站后台添加上管理友情链接的功能，自我感觉不太难就直接上手了，不到五点就ok了，交作业后，经理就问了我学习上时间的事情，还有说了一下公司上下班的时间，明天就开始上班吧，自己不能以正常员工的身份，月薪最好只有9百多。之后我就走了，心情也不是特别的高兴，心里说：“哎！明天就不自由了……”，说实在还有些不习惯的。 </P>\r\n<P>也想不到第一份工作就这样应聘上了，没太多的感觉，社会，工作，生活，人生……还是很漫长漫长的。 </P>', 1, 1, 1286, 0, 1, 0, 1257091256, 0),
(4, '面试那个小测试', 'test-of-interview', 2, '<P>第一天上班回来……累死了，头晕…… </P>\r\n<P>不说苦了，越说越累……直接入正题，话说昨天的面试那个作业，后台添加上可以管理友情链接的功能，就是一个很基本而且很简单的功能，paperen我不知道若我昨天没做出来会不会应聘成功。下面说说这个功能是如何实现吧。 </P>\r\n<P>要添加并管理友情链接，当然需要数据库的支持啦，不是说每添加一个友情链接就要去改页面的代码，这样维护性太差了而且也不合理。（这里的代码是自己回来后写的，当然某些部分与我在面试时写的不一样，特别是css那块）</P>\r\n<P>一个超链接的格式不就是这样嘛：</P>\r\n<P>我的博客</P>\r\n<P>首先得要把html的结构弄好， 一个良好的html结构才能使得页面看起来舒服而且有利于后面代码的编写。 </P>\r\n<P>HTML code：</P><PRE>&lt;div id="friendlink"&gt;<br />&lt;h5&gt;友情链接&lt;/h5&gt;<br />&lt;ul&gt;<br />&lt;li&gt;&lt;a href="#"&gt;example&lt;/a&gt;&lt;/li&gt;<br />&lt;li&gt;&lt;a href="#"&gt;example&lt;/a&gt;&lt;/li&gt;<br />&lt;/ul&gt;<br />&lt;/div&gt;<br />&lt;div class="c"&gt;&lt;/div&gt;<br /></PRE><P>是不是很简单而且很清晰的一个结构，之后来写写css，来美化一下这个结构，使它更符合我们的视觉要求与人性化要求。 </P>\r\n<P>Css code：</P>\r\n<PRE>*{margin:0px;padding:0px;}\r\n/* 将所有元素的padding与margin至零是个好习惯啊，不然后期页面的设计可能会遇到不少麻烦 */<br />body{font-size:14px;}\r\n/* 定义整个页面的字体大小 */<br />a{color:#666600;text-decoration:none;}\r\n/* 定义超链接的颜色，使它不再是默认的蓝色（不太看） */<br />a:hover{color:#669900;text-decoration:underline;}\r\n/* a:hover定义当鼠标移到链接上面时的链接样式，使它与没移到上面时的样式有所不同，从而产生交换的效果 */<br />h5{color:#333333;background:#E8F4CE;height:30px;line-height:30px;font-size:14px;padding-left:10px;}\r\n/* 修饰一下H5 */<br />#friendlink {border:1px #CCCCCC solid;width:450px;margin:20px auto;}\r\n/* 给ID为friendlink的那个div加个边框并设置一下宽度与外边距*/<br />#friendlink li{display:block;float:left;width:80px;text-align:center;height:30px;line-height:30px;}\r\n/* 定义friendlink中li的样式，显示为块并左浮动，li的高与字高，line-height一般用于使容器中的字体垂直居中，十分好用，屡试不爽 */<br />.c{clear:both;} \r\n/* 或许有些人不明白这里为什么要加这样一个多余的div，确实这个是多余的html结构，但是并不是没有用，我们用来清除上面的li产生的浮动，避免影响到后面的html布局 */</PRE><P>这里给大家看看如果没有清楚浮动会导致的结果吧，一般在火狐中会出现这种情况，所以大家使用完浮动后记得要clear一下。 </P>\r\n<P>ie中（正常）：</P>\r\n<P><IMG src="http://iamlze.cn/data/images/200912141260796533.jpg" /></P>\r\n<P>火狐（简称FF）与Opera中：</P>\r\n<P><IMG src="http://iamlze.cn/data/images/200912141260796600.jpg" /></P>\r\n<P>完成了页面的排版与美化后就可以想想php怎样实现这个功能了， 我需要扩展一下mysql数据库的才能支持这个功能，我需要添加一个表friend_link,里面要添加三个字段：</P>\r\n<P>ID(int (5) ) ,NAME(varchar (50) ),URL( varchar (50) ),用myphpadmin弄还是很easy的。 </P>\r\n<P>那么数据库结构ok了之后就直接上代码啦，记住前面那个li的结构了吧？&lt;li&gt;example&lt;/li&gt;，我们要做的就是把数据库的URL字段数据放在href="#"中，将NAME字段的数据放到里面就是了。\r\n <P><PRE>PHP code：<br />&lt;?php <br />   $db=new sql();<br />   $sql="select * from link";<br />   $result=$db-&gt;query($sql);<br />?&gt;<br />&lt;div id="friendlink"&gt;<br />   &lt;h5&gt;友情链接&lt;/h5&gt;<br />   &lt;ul&gt;<br />&lt;?php <br />   while($tmp=mysql_fetch_array($result))<br />   {<br />?&gt;<br />   &lt;li&gt;&lt;a href="http://&lt;?=$tmp[′url′]?&gt;"&gt;&lt;?=$tmp[′name′]?&gt;&lt;/a&gt;&lt;/li&gt;<br />&lt;?php <br />   }<br />?&gt;<br /><P></P>\r\nclass sql<br />{<br />   private $conn;<br />   public function __construct()//构造函数<br />   {<br />      $where="localhost";<br />      $db="test";<br />      $user="root";<br />      $pwd="root";<br />      $this-&gt;conn=mysql_connect($where,$user,$pwd);//连接数据库并获得相应的连接字符串<br />      mysql_select_db($db);//选择连接的是哪个数据库<br />      mysql_query("set names ′gb2312′");//定义送入数据库的编码，这点不较重要，不然可能会出现乱码，就看你数据中定义数据编码是什么了<br />   }\r\n<P>   public function query($sql)<br />   {<br />      $result=mysql_query($sql);<br />      return $result;<br />   }</P>\r\n<P>   public function __destruct()//析构函数<br />   {<br />      mysql_close($this-&gt;conn);<br />   }<br /> }</P></PRE><P>用类来做sql相关操作是挺不错的选择，因为它能调用构造与析构函数来完成连接数据库与释放的操作，很方便，当然啦，如果习惯用function的话也可以写好几个function来处理sql的操作，就看自己而定了。 </P>\r\n<P>就这样前台显示友情链接的功能就over了，当然啦，还需要有添加友情链接的功能，还有修改友情链接的功能才行，而我就说到这里吧，添加与修改功能实现起来差不多，当然也有不少差别，改天有空再补上吧。</P>', 1, 1, 857, 0, 0, 0, 1257177600, 0),
(5, 'Ajax实现网页聊天', 'ajax-webicq', 3, '<P>曾几何时自己想用vc++编一个局域网内的聊天工具，可惜一直没有实现……而自己也渐渐走向了网站开发这条路上来了。</P><P>我有时候也会想去在一个网页上进行在线聊天的功能，但是如果将一个页分为不同框架去弄的话，效果很不理想（因为如果要实现不停地更新聊天内容需要使某个框架不停地刷新，这样使得整个网页很不爽…），而且弄起来也不太顺手，而终于是Ajax解救了我。<br /> <br />自己实现的时候就涉及到三个文件，一个是html的，一个是php的，一个js的，当然也需要数据库的支持。</P>\r\n<P>界面并没有太好地经过美化，只是用css突出以下内容与IP地址。<br /><IMG src="http://iamlze.cn/data/images/201001201263960839.jpg" /></P>\r\n<P><br />代码我就不可能在这里全部都贴出来了……说说自己在弄的过程中一些比较关键的地方罢了。<br /> <br />1.需要实现随时更新聊天内容<br />2.需要将提交的message通过ajax插入到数据库<br />3.处理编码的问题，一开始这个弄得自己比较头疼，之后Google了不少才终于解决问题<br /> <br />说到底就是要实现数据的输入输出的两个重要环节而已，当然你可以在这个基础上添加登录功能与房间功能，还有在线人列表等等……（想起来还是大有搞头的）<br /></P>\r\n<P>（09-12-14 补充：其实现在Paperen自己再看回这篇文章时，确实觉得如果使用我下面说的方法调用AJAX的话那也忒麻烦了点……应该说这种原始的js架构写起来代码很多，以后有机会Paperen会说下用JQuery调用AJAX这种简单而实在的方法）</P><P>对于数据的输入，当点击“发表”按钮后就激发一个js函数将数据通过ajax采用post的方式传送到一个php页进行处理并插入数据库，而聊天内容的不断更新则要定义一个js函数使用ajax不停地往那个php页提取数据 <br /></P><PRE>ajax.js 部分代码：<br />function message()<br />{<br /> setInterval("get();",100); //0.1秒就调用get函数<br />}</PRE>当然这个message函数直接放在body后面的onload中就行了。而对于get函数，很明显是需要createXMLHttpRequest()创建一个XMLHttpRequest的对象。 <br /><PRE>function get()<br />{<br /> createXMLHttpRequest();<br /> var url,timetmp;<br /> timetmp=new Date().getTime();<br /> url="test.php?tmp="+timetmp;<br />/*这里的timetmp也是个key point，如果没有这个的话，聊天的内容在某些浏览器中就会就更新不出来了，这里还是引用一下权威的解析吧――《深入浅出ajax》书中是这么形容的“给url添加一个时间戳，这个时间戳使得每次访问的URL都不同。这样对与某些浏览器（如IE），就不会产生浏览器对同一个网址进行缓存，从而不会出现页面不能更新的现象”。*/<br /> xmlHttp.open("GET",url,true);//使用GET的方式<br /> xmlHttp.onreadystatechange=show;//状态的改变由自定义的show函数进行处理<br /> xmlHttp.send(null);<br />}<br /> <br />function show()<br />{<br /> if(xmlHttp.readyState==4)<br /> {<br />  if(xmlHttp.status==200)<br />  {<br />   var message=eval(′(′+xmlHttp.responseText+′)′);//这里进行这步的原理自己也没搞懂，也是从《PHP5高级应用开发实践》书中ajax那节谈到的，作者叫我相信他这样做是对的，所以我照做了，结果也证明了他是对的（不然他也不会写在书里啦……返回的数据是使用json_encode()加工过的）<br />   var txt="";<br />   for(i=0;i  {<br />    txt+=message[i].ip+"  说："+message[i].message+"  "+message[i].time;//这没什么可说的，构造一个html结构显示数据而已，随意发挥就行<br />   }<br />   document.getElementById("return").innerHTML=txt;<br />  }<br /> } <br />}</PRE>以上是处理接收数据的js函数，对于点击发表按钮后调用的主要函数 <br /><PRE>function talk()<br />{<br /> createXMLHttpRequest();<br /> var url;<br /> url="test.php";//定义URL<br /> var poststr;<br /> poststr="message="+encodeURI(document.getElementById("message").value);//定义post的数据,关键要用encodeURI对数据进行处理<br /> xmlHttp.open("POST",url,true);//方式为POST<br /> xmlHttp.setRequestHeader("Content-Type","application/x-www-form-urlencoded");//定义数据头部<br /> xmlHttp.send(poststr);//发送数据<br /> xmlHttp.onreadystatechange=result;//状态变化后交给函数result处理<br />}</PRE><P>result函数就不说了很简单，就是判断发送是否成功而已。<br />test.php的部分代码：<br />header("Content-Type:text/html;charset=GBK");//这个是必须的，定义这个页的编码是gbk，不然又会出乱子<br />我用了if(isset($_POST["message"])){}else{}进行判断目前的操作是数据的接收还是输出<br /> <br />对于数据的输出：<br />先定义sql语句啦$sql="select * from message order by date Desc";<br />再送入mysql--$result=query($sql);//query是一个自定义函数，参数就是sql语句，返回的是$result;自己习惯了这样用，挺方便的 ^_^，当然你可以选择定义一个class来处理sql相关的操作，看你习惯而定了。<br />要判断一下是否存在数据吧，<br /></P><PRE>if(mysql_num_rows($result)==0){echo "没有任何信息<br />"; }<br />else<br />  {<br />   $sendmessage[]=array();//定义一个容器用于放数据<br />   $i=0;//定义数组的下标key<br />   while(list($ip,$message,$time)=mysql_fetch_array($result))<br />   {<br />    $sendmessage[$i]=array(′ip′=&gt;$ip,′message′=&gt;iconv(′gbk′,′utf-8′,$message),′time′=&gt;$time);//将$message的数据进行转化为utf-8的编码<br />    $i++;<br />   }<br />   echo json_encode($sendmessage);//最后用 json_encode处理一下数据<br />  }</PRE> <br />这里你可以直接在test.php页中进行测试，不加参数就是了http://192.168.1.16/ajax/test.php，我这里会直接输出经过json_encode处理的数据<br /><PRE>[{"ip":"192.168.1.16","message":"u518du770bu770b","time":"09-10-24 15:51:42"},{"ip":"192.168.1.16","message":"u7f16u7801u7684u95eeu9898u771fu662fu633au5565u7684","time":"09-10-24 15:32:44"},{"ip":"192.168.1.16","message":"123","time":"09-10-24 15:22:47"}] </PRE><P>u7f16u7801u7684u95eeu9898u771fu662fu633au5565u7684这个并不是乱码，而是字符串gbk转化为了utf-8的形式了，在经过ajax.js的show函数处理后就好了。<br /> <br />mysql_query("SET NAMES ′GBK′");//定义送入mysql的编码<br />$message=mysql_escape_string(iconv("UTF-8","GBK",$_POST["message"]));//将数据从utf-8转为gbk再经过mysql_escape_string处理才送入数据库<br /> <br />而对与处理输入（其实没啥好说的，就是sql语句呗）<br /></P><PRE>$message=mysql_escape_string(iconv("UTF-8","GBK",$_POST["message"]));//这个也是keypoint喔<br />$ip=$_SERVER[′REMOTE_ADDR′];<br />$time=date("y-m-d H:i:s",time());<br />$sql="insert into message (name,message,date) values(′$ip′,′$message′,′$time′)";<br />query($sql);</PRE><P>实现一个功能其实并不困难但是也绝对不是件简单的事情（特别是那个编码问题也曾经弄得自己比较郁闷幸好有google的帮助），但自己还是很回味实现功能后的那种感觉，好有成就感。<br /> <br />其实这个功能还大有搞头，我还在考虑要不要把它当为毕业设计算了，不过这里它还是相当相当之简陋的，而且可能也存在着一些不足，特别是对于数据的输出部分，因为每次输出都要将以前所有的聊天数据全部输出，我又在想能不能设计成每当有聊天记录增加时才需要与test.php文件进行交流而不是每隔0.1秒就交流一次，这有点浪费。<br /> <br />参考URL：<br />编码的问题：<br /><A href="http://www.feel123.cn/ajax/20080423/277.html">http://www.feel123.cn/ajax/20080423/277.html</A><br /><A href="http://www.4wei.cn/?p=1000235">http://www.4wei.cn/?p=1000235</A><br />ajax post数据:<A href="http://blog.csdn.net/wangdetian168/archive/2007/05/10/1602966.aspx">http://blog.csdn.net/wangdetian168/archive/2007/05/10/1602966.aspx</A> </P>\r\n\r\n<P>Jquery Ajax:<A href="http://www.cnblogs.com/QLeelulu/archive/2008/04/21/1163021.html">http://www.cnblogs.com/QLeelulu/archive/2008/04/21/1163021.html</A><br /> </P>', 1, 1, 1032, 0, 0, 0, 1257436800, 0),
(6, '接收表单数据', 'get-the-form-data', 2, '<FONT face="宋体">\r\n</FONT><P>那天paperen在工作时修改别人写的代码，在看到添加文本时使用的新浪那个编辑器时，才接触到extract这个函数，终于解决了一直以来对接收表单数据的麻烦问题，也许是我以前没充分看php的函数吧……</P>\r\n<P>想想以前自己是怎样接收表单的数据的，一个表单的html结构</P><PRE>&lt;form action="test.php" method="post"&gt;<br />&lt;P&gt;&lt;label for="name"&gt;名字:&lt;/label&gt;&lt;input type="text" name="name" id="name" /&gt;&lt;/p&gt;<br />&lt;P&gt;&lt;label for="email"&gt;email:&lt;/label&gt;&lt;input type="text" name="email" id="email" /&gt;&lt;/p&gt;<br />&lt;P&gt;&lt;label for="phone"&gt;电话:&lt;/label&gt;&lt;input type="text" name="phone" id="phone" /&gt;&lt;/p&gt;<br />&lt;P&gt;&lt;label for="qq"&gt;QQ:&lt;/label&gt;&lt;input type="text" name="qq" id="qq" /&gt;&lt;/p&gt;<br />&lt;P&gt;&lt;input type="submit" name="submit" id="submit" value="提交" /&gt;&lt;/p&gt;<br />&lt;/from&gt;<br /></PRE><P>当我们一点击提交时，整个表单就会提交到 action指定的文件处理，这里会将form的数据提交到test.php页面进行处理，但你当然可以提交给本页处理，那么你可以不用写action这个属性，不过要确保这个文件也是一个php文件才行。(稍微说下method这个定义数据以什么形式发送，一般有GET与POST两种方法，这里就不具体说这两种方法的区别了，自己可以(Google)</P>\r\n<P>我以前接收数据都是这样处理的（可能是asp养成的习惯）</P>\r\n<P>方法一：<br /></P><PRE>if(isset($_POST[′submit′]))<br />{<br />$name=$_POST[′name′];<br />$email=$_POST[′email′];<br />$phone=$_POST[′phone′];<br />$qq=$_POST[′qq′];<br />}</PRE><P>之后再组合sql语句?</P>\r\n<PRE>$sql="insert into table (name,email,phone,qq) values (′$name′,′$email′,′$phone′,′$qq′)";?</PRE><P>或者你会想为什么不直接将$_POST[′name′]这些直接放在$sql中?</P>\r\n<PRE>$sql="insert into table (name,email,phone,qq) values (′$_POST[′name′]′,′$_POST[′email′]′,′$_POST[′phone′]′,′$_POST[′qq′]′)";?</PRE><P>但是你可以试试，这样php是认不出这里的变量值的，它只把values (′$_POST[′name′]′,′$_POST[′email′]′,′$_POST[′phone′]′,′$_POST[′qq′]′)";当成了一些字符串而不是指接收到的数据。</P>\r\n<P>当然放到一个变量里也是有利于进行一些过滤处理的，因为直接将$_POST[′name′]这些数据直接送入数据库进行处理是不安全的，不建议这样做。</P>\r\n<P>将话题转回这种接收数据的方法本身，可以想象得到的如果表单的数据很多，那么岂不是要写很多这些$name=$_POST[′name′];并定义了一系列变量，那多麻烦。</P>\r\n<P>所以之后我又尝试了其他方法，在php中支持在表单端用数组装入数据。</P>\r\n<P>方法二：</P><P><PRE>&lt;form action="test.php" method="post"&gt;<br />&lt;P&gt;&lt;label for="name"&gt;名字:&lt;/label&gt;&lt;input type="text" name="data[name]" id="name" /&gt;&lt;/p&gt;<br />&lt;P&gt;&lt;label for="email"&gt;email:&lt;/label&gt;&lt;input type="text" name="data[email]" id="email" /&gt;&lt;/p&gt;<br />&lt;P&gt;&lt;label for="phone"&gt;电话:&lt;/label&gt;&lt;input type="text" name="date[phone]" id="phone" /&gt;&lt;/p&gt;<br />&lt;P&gt;&lt;label for="qq"&gt;QQ:&lt;/label&gt;&lt;input type="text" name="data[qq]" id="qq" /&gt;&lt;/p&gt;<br />&lt;P&gt;&lt;input type="submit" name="submit" id="submit" value="提交" /&gt;&lt;/p&gt;<br />&lt;/from&gt;<br /></PRE><P></P>\r\n<P>将name写成数组形式，那么在接收时可以使用foreach进行数据的分割与处理了。</P>\r\n<P>foreach($data as $key=&gt;$value){echo $key."=".$value."<br />";}试试看能不能得到我想得到的数据。这里除了把当前元素的值赋给$value外，当前元素的键值也会在每次循环中被赋给变量$key。键值可以是下标值，也可以是字符串</P>\r\n<P>然后我们构造sql语句。先想象一下我们应该构造的sql语句：insert into table (name,email,phone,qq) values (′$name′,′$email′,′$phone′,′$qq′);很明显我们要构造两个字符串,一是(name,email,phone,qq)，二是(′$name′,′$email′,′$phone′,′$qq′)?</P>\r\n<PRE>if(isset($_POST[′submit′]))<br />{<br />?$txt0=$txt1="";<br />?foreach($data as $key=&gt;$value)<br />?{<br />? $txt0.=",".$key;<br />? $txt1.=",′".$value."′";<br />?}<br />}\r\n<P><br />//去掉前面多余的逗号<br />$txt0=substr($txt0,1);<br />$txt1=substr($txt1,1);<br />//组合字符串<br />$sql="insert into ($txt0) values ($txt1)";</pre></P><P>最后总结一下这种接收数据的方法，不需要手动定义一个与post数据相关的变量了，我们接收端的程序不需要去记住数据的name是什么，但是必须确保表单处的name与构造的数据表中的字段是一样的，处理主要专注于字符串处理部分，使用了foreach与substr函数进行处理，组成我们想要的sql语句。很明显比第一种方法更好。</P>\r\n<P>最方便的方法,extract 方法三：</P>\r\n<P>超级方便的方法,表单的结构与方法一的一样。</P>\r\n<P><PRE>&lt;form action="test.php" method="post"&gt;<br />&lt;P&gt;&lt;label for="name"&gt;名字:&lt;/label&gt;&lt;input type="text" name="name" id="name" /&gt;&lt;/p&gt;<br />&lt;P&gt;&lt;label for="email"&gt;email:&lt;/label&gt;&lt;input type="text" name="email" id="email" /&gt;&lt;/p&gt;<br />&lt;P&gt;&lt;label for="phone"&gt;电话:&lt;/label&gt;&lt;input type="text" name="phone" id="phone" /&gt;&lt;/p&gt;<br />&lt;P&gt;&lt;label for="qq"&gt;QQ:&lt;/label&gt;&lt;input type="text" name="qq" id="qq" /&gt;&lt;/p&gt;<br />&lt;P&gt;&lt;input type="submit" name="submit" id="submit" value="提交" /&gt;&lt;/p&gt;<br />&lt;/from&gt; </pre></p><p>在接收时</p><p><PRE>if(isset($_POST[′submit′]))<br />{<br />?extract($_POST);<br />?$sql="insert into table (name,email,phone,qq) values (′$name′,′$email′,′$phone′,′$qq′)";<br />?//这就OVER了，是不是觉得有点太神奇<br />}</PRE></P><P>\r\n下面贴一下extract函数的在php手册中解析extract ― Import variables into the current symbol table from an array</P><P>详细可以看这里：<a href="http://docs.php.net/manual/en/function.extract.php" target="_blank">http://docs.php.net/manual/en/function.extract.php</a></P><P>将数组中的变量转化为当前变量（自己翻译的……应该不是很准，paperen我英语只过了四级……）extract($_POST)将POST中的数据转化为现在当前变量，其实$_POST也是一个数组，不信的话，大家可以用print_r($_POST)看看结果。</P><P>当使用完这个函数后我们就可以直接使用键值为相应的变量了$name,$email,$phone,$qq,$submit。</P><P>怎样php强大吧，不知不觉又想到以前用asp时候处理这种大表单时的痛苦……asp中不支持第二种方法也没有extract这个函数……只能乖乖地用第一种方法吧，或者有其他方法吧，也许是paperen我见识看少了点吧，如果某位大侠知道还有其他简单的方法，也给大家分享分享吧。</P><P>以上所有函数大家可以到<a href="http://docs.php.net/manual/zh/manual.php" target="_blank">http://docs.php.net/manual/zh/manual.php</a>查询</P></PRE></PRE>', 1, 1, 978, 0, 0, 0, 1257609600, 0),
(7, '写给26岁的自己', 'write-to-26', 1, '<P><FONT face=宋体>今天上班的时候突然看到遨游状态栏显示的一条信息，“26岁的时候，他们都干了些什么”，自己不知不觉就点击去看看了，列了很多伟人们26岁时候的成就，关掉页面，自己脑子也停了下来，是不是paperen我也得要想想26岁的我应该要获得什么呢？要到达哪里呢？要成为一个怎样的人？不自觉地自己的思绪就离开了当前手上的工作……</FONT></P>\r\n<P><FONT face=宋体>1.26岁的我依然要有始有终</FONT></P>\r\n<P><FONT face=宋体>确实的说，自己在这家网站公司上班不到一个星期，但是这些天来自己想到了确实许多，关于工作，职业，自己还有别人的，在公司中自己现在算是一个php程序员，但是暂没有接到任何新的客户单子，我一直都在改，改前一个php程序员写的烂代码，那些连isset($_GET[′id′])都不会写的代码，那些错漏百出的代码，那些写得乱七八糟的代码，而且我很奇怪的是这样的代码这样写出来的网站客户用起来的时候就没发现，还让他手尾都不用改的情况下就溜了，我虽然不知道是什么个情况，但是我觉得做程序的怎也得有个始也要有个终，我在这里就不发泄太多了，确实的来说觉得26岁的我一定要有始有终，虽然大家只注重网站的效果，但是我们写程序的不能对不起自己更不能对不起客户。</FONT></P>\r\n<P><FONT face=宋体>2.26岁的我依然保持自己的兴趣</FONT></P>\r\n<P><FONT face=宋体>我一直觉得web开发是自己很感兴趣的事情，没错，的确是那样的，但是社会总是残酷的，工作总是让你只能专注于一方面，要么你是程序员要么是搞设计，甚至更细，因为公司追求效率而不是注重你的兴趣，公司是注重你带给他的利益而不是为了培育你（至少我目前是这么认为的），如果你认为公司能培育你，那么你将会大错特错，自己当然有追求自己兴趣的自由，但是我觉得当你工作后就不是那么一回事了，你可能会渐渐麻木，甚至忘记了兴趣的本身，这的确是件很悲哀的事情，所以我决定不能让自己对web开发的兴趣在这种麻木的工作中被磨光。</FONT></P>\r\n<P><FONT face=宋体>3.26岁的我依然坚持将懒吧的网站续下去</FONT></P>\r\n<P><FONT face=宋体>09年的三月份，吴思他们邀请我进入了他们的团队，打算建设一个面向本校区的大学生买卖网站，之后我们取名为懒吧，自己一直在大家的压力下不断地努力，不断地坚持，经过无数次整改终于成型，在压力下成长的确是最快的，而自己从这次经历中获得的经验也是不计其数的，我一直很感谢他们给我这样一个机会去参与到他们之中，虽然最后最后他们还是放弃了，虽然我也很伤心，但是我也不会埋怨什么，的确自己想去坚持下去，但是光靠我一个人实在是没法坚持，因为我除去了技术的知识其他的都不会。我知道没有团队等于失败，所以我被迫去放弃懒吧。但是我还继续整改懒吧，asp+access的平台，我觉得它就是自己大学生涯中唯一一件值得自己骄傲的事情，所以我要将懒吧的空间续下去，包括域名。</FONT></P>\r\n<P><FONT face=宋体>4.26岁的我依然保持我的生活态度</FONT></P>\r\n<P><FONT face=宋体>虽然不知道自己以后能不能找到一份好工作，但是paperen我还是希望自己保持自己的生活态度，我不喜欢整天奔波在外的生活，不喜欢曲折离奇的生活，我喜欢掌握自己的生活节奏，聆听自己的心声，而不是去违背，我承认自己在交友与交际上不太行，但是我认为熟悉我的朋友们不会觉得我是一个无情与独来独往的人。我不喜欢在公司刻意去做作什么，不喜欢为了权力刻意去奉承什么，我只要做好我自己，这就是我的生活态度。</FONT></P>\r\n<P><FONT face=宋体>5.26岁的我依然要保持现在的体型</FONT></P>\r\n<P><FONT face=宋体>这个或许是件比较难的事情，因为现在paperen我也很少运动了，不像大一大二的时候有空就去球场踢波，但是我不知道以后自己还有没有空去运动了，自己挺喜欢自己现在的体型的，我才不想变成那种啤酒肚那种……看起来就不爽（别误会，我并没有鄙视某些人，只是鄙视如果自己的体型是那样的话）。</FONT></P>\r\n<P><FONT face=宋体>如果26岁那时自己还能做到上面这五点也就算很不错了吧。</FONT></P>\r\n<P><FONT face=宋体>26岁的自己会成为怎样，我会努力的，Be the one i will be。</FONT></P>', 1, 1, 1121, 1, 0, 0, 1258128000, 0),
(8, '最近听上One Republic', 'one-republic', 4, '<P>paperen是从stop and stare这首歌开始接触上这个乐队的，stop and stare这首歌给我的感觉真的很不错，不知道怎表述，关于音乐的风格的名词paperen我了解得很少，反正就是喜欢这首歌，而且歌词也很很好，令人回味，这首歌的mtv也很好看，虽然papern还是不太能理解这首歌的意思，或者根本不需要去理解，有这个意境就已经足够了，如果大家有兴趣的话，可以自己去看看歌词，真的写的很好。 </P>\r\n<P>之后开始听他们的专辑，发觉越来越来不错，每首歌的风格都很独特，而且歌词都很不错，而目前one republic就出了两张专辑，paperen我都很喜欢听。 </P>\r\n<P>stop and stare的MTV <A href="http://v.youku.com/v_show/id_XMzM3MjkyNjA=.html">http://v.youku.com/v_show/id_XMzM3MjkyNjA=.html</A></P>', 1, 1, 1176, 0, 0, 0, 1261884490, 0),
(9, '怎样提高php水平？', 'improve-php-skill', 2, '<P>对于这个题目其实paperen我也一直在思考，某个时期自己也经常会迷惑，到底怎样去提高自己的水平呢？！paperen自己那时也google过，百度过，但是大致说的都是一样的，要多写代码多练，多看。其实现在的paperen也不是很强，至少连框架到底是什么东西都还不是很清楚，前些天也看了看thinkphp，但是还没有钻研彻底。 </P>\r\n<P>而再前些日子paperen我也不停地看别人的代码，WordPress，phpcms，dede等等一些开源的php，但是越看越乱，感觉是没搞清他们写的思路，不过确实也领会了不少东西，至少将他们开发的模式弄懂了一些，文件基本都差不多，一般都是require一个配置全局的文件，然后定义很多常量，之后是类，函数，缓存等等。paperen我现在也是这样进行程序的编写的，因为确实是方便，虽然文件分的比较多但是思路却很清晰。 </P>\r\n<P>都说用框架开发比较快，但是paperen我到目前为止还没用过框架来进行开发，不知道自己这个算不算是一个框架…这几天也帮别人写了个博客程序，不过功能没自己的强，但是感觉帮他写的后台比自己这个后台还要好看并且舒服…不过这也是件好事，证明自己的水平渐长了点。 </P>\r\n<P>paperen我的php年龄还不到一年，是从今年暑假开始接触php的，但是之前因为有了asp的基础所以上手比较快，但还是如网上说的那样，需要多练多写程序才行啊，还有个人意见--还要全面，一开作为一个web开发者确实需要了解很多东西，包括html，Css，JavaScript，sql甚至Jquery，Ajax等等，但是不要被吓倒，一步一步就好了，你要知道的是即使你喜欢写php程序但是也不能离开html，也不能不知道其他的知识，你需要去了解全部的知识但是不一定要全精通。 </P>\r\n<P>paperen我还记得在海奇那次面试，不知不觉间说了句自己是全能的，现在说起来自己都觉得很寒…但是自己那时候确实是想到那么一句了，因为paperen在弄懒吧的时候不但要负责前台的美工设计，还要进行代码的编写，基本上说是一个人负责整站的建设，虽然“全能”这个形容确实夸张，但是我找不到别的词来形容自己在弄懒吧时的状况了，至少paperen我没说“全精”… </P>\r\n<P>关键在于兴趣吧，还是那样说，宿舍一个宿友前段时间也说要学php但是也不到两天的劲就退了，他没有兴趣，如果问我php进步的原因，paperen我会说兴趣占了百分之四十，百分之四十是练习，百分之二十是坚持。当你到达一定高度的时候也一定会问怎去提高水平，paperen觉得那时候还是继续应该回去看别人写的代码，继续去了解别人的思路，从中获得自己以前想不到的东西，然后用于以后的程序编写并发展自己的程序特色。 </P>\r\n<P>近来paperen我虽说是将实习退了，但也不见得又多空闲，应付学院的实习报告，还有帮别人写了个博客，当然还有考试，转眼就过了一周，唉，感觉时间还是过得很快，还说要整改懒吧，似乎还需要一段时间啊~~paperen我也得给自己充充电，看看JavaScript方面的书还有jquery，再回头去看看WordPress等几个开源的php代码，还有研究一下框架，也就是近段时间自己的计划了。 </P>\r\n<P>总之，paperen个人觉得--不是怕你菜而是怕你坚持不下去，虽然不知道对各位phper们自己说的这些有没有帮助，但paperen我也很欢迎与大家的进行交流。</P>', 1, 1, 1081, 0, 0, 0, 1261969516, 0),
(10, '无题', 'untitled', 1, '<p>毕业了上工作了就真的不一样，对于paperen来说好像每天都是为了工作，而生活对于paperen来说也就是花在公交车上与吃饭睡觉的时间而已，一切一切都很单调，在深圳我目前没有任何朋友。这些天在深圳的日子给paperen的感觉也真的够复杂的了，貌似离开了青岛就仿佛一下子从自己的生活中失去了半个世界，之前4年来都离不开我眼中的舍友们与学校的朋友们，paperen的大学就是这样一下子过去了。</p><p>当初6月30日离开了学校，然后7月1日离开了青岛，记得30日那天下午paperen是宿舍第一个离开的，本来觉得应该不会太激动的，但是在临离开宿舍的一刻感情爆发了……真的很不舍得大家，与paperen一起回广东的智同学还竟然为自己落泪感到惊奇~~或许确实应该惊奇~~</p><p>唉，放个排比句感叹一下~那些可以约几个朋友去踢球的日子啊~那些可以与舍友一起玩游戏的日子啊~那些可以听着高频课看课外书的日子啊~生活现在都是由自己说了算，早上7点起床然后去搭公交，8点多到公司然后就一直待到晚上的8点才回“蜗”，9点多回到“蜗”冲凉然后看会书就ZZZ了，嗯，偶尔也用手机放几首歌来唱唱那也就是唯一的娱乐方法了。</p><p>感觉深圳还是蛮像香港的，公交在上下班时间一样挤，高楼大厦也那么高，消费也是相当高的，一天两餐也至少要30，住的地方就更加小但是价格还高。而paperen觉得有趣的是这里的饭馆盛饭的东西为什么那么像烟灰缸……就那么小的一盆饭……paperen相当无语，难道深圳的人饭量就真的那么小。</p><p>好好干吧，将公司的项目做好或许就是paperen最好的实力证明，一切都在坚持，一切都在酝酿，嗯，其实生活，应该说是人生貌似就是一杯酒~~所以大家也好好努力吧，有些苦是值得你熬的。</p>', 1, 1, 1319, 2, 1, 0, 1279586377, 0),
(11, '停顿一刻', 'break-a-moment', 1, '<P>可能是因为昨晚加班了3个小时的原因，今天一到五点半同事们都喊着下班了，我也把自己该完成的完成了。 </P>\r\n<P>今天是最早下班的一次，明天再去一天就不用去了，其实paperen我目前身份还不是正式员工，就是个实习的，估计工资也没多少，还不到两个月就退了，回来考完试就等着回家吧，都快一年没回去了，有点想念家的味道了。 </P>\r\n<P>而对于毕业也就是不到半年的时间了，paperen现在脑子还是空空的，虽然有想过自己开一家网络公司，为大家做很多很多好的网站，但是这个想法还不太成熟，毕竟自己的水平还没达到那个点，paperen我有时候会想“啊，不知道从清华那些很牛的学校出来的计算机毕业生的水平会比自己高多少呢？是不是他们每个人都会做网站写软件呢？”，paperen我也会安慰自己说“我只是学通信的，web方面的知识都是自学的而已，已经很不错了。” </P>\r\n<P>确实paperen我并不是个天才，从初中开始就注定是这样，呵呵，我只能靠努力去弥补智力上的不足。我确信如果每个人都能做得比我好，只要你比我努力的话。 </P>\r\n<P>又不知道自己说到哪了？过完明天自己就可以休息一段时间了，这个学期真的很充实而且很辛苦，paperen我很是感慨的说，泪珠都差点掉下来了，-。-！ </P>\r\n<P>paperen我刚才在腾讯招聘那投了自己的简历，在有什么奖励与参加了什么竞赛那全空白…也不抱多少希望，就是try一下吧。 </P>\r\n<P>感觉工作就是很单调的，一天都对着电脑敲着键盘，看着几个浏览器与一堆代码，这种技术类的工作就是与电脑交流的，但偶尔在实现某种功能或在写某个代码的时候突然来劲，偶尔迸发出那么一丝自己对程序的兴趣时就值得paperen我继续做下去。不知道大家有没有这种体会。 </P>\r\n<P>停顿一刻就为了听听自己的心声，看清前方的路线，了解自己现在的脚步，还有缓解自己身心的疲倦。</P>', 1, 1, 884, 0, 0, 0, 1260964651, 0),
(12, '第三代懒吧制造中', 'g3-urlazy', 1, '<P>Paperen我在星期六将公司的任务处理完就退了，确实有点不舍得，两个小刘，两个小王，小李，小潘当然还有经理，都很好人，paperen我会想念大家的。既然自己下定走的打算了，就确实不能留在这里发展了，还是回家吧，即使不知道明天会怎样，但是paperen我还是有信心的。 </P>\r\n<P>今天是星期一，又是一个星期的开始，一早上就开了一个有关我们专业实习的会，看来这个星期也闲不到哪去…昨天用了一天将懒吧首页重新设计一下，paperen我打算将懒吧重做，包括程序，数据库，还有页面，趁自己还有时间，完善懒吧也是我26岁之前的目标之一啊。 </P>\r\n<P>这里先show一下新设计的logo不知道大家喜欢这个logo不？可能吴思他就不喜欢这个… </P>\r\n<P><IMG src="http://iamlze.cn/data/images/200912211261360474.jpg" /> </P>\r\n<P>至于什么时候才能将新版的懒吧拿出来见面以后再定吧，因为工程毕竟也不少，而且还得回到asp去，肯定会有点不适应。 </P>\r\n<P>大家期待吧――新版懒吧的面世！</P>', 1, 1, 1238, 0, 0, 0, 1261360799, 0),
(13, '实习项目--编解码', 'code-uncode-practice', 2, '<P>paperen对于这个没有什么可说的…就是为了应付实习，又浪费了自己数据库中一个ID号… </P>\r\n<P>而对于这个程序既然老师说可以用任何语言来做我就用php来做一个吧，vc++我都忘得差不多了…老师检查的话直接给他网址就是了，用php来做这个实习项目唯一缺点就是依赖于浏览器与服务器了，在我目前的理解如果php离开了服务器似乎是不能运行，但paperen我还是觉得肯定有其他办法可以让php在别的环境编译的，只是paperen我见识少而已。 </P>\r\n<P>程序地址 <A href="http://iamlze.cn/demo/code/">http://iamlze.cn/demo/code/</A></P>', 1, 1, 1000, 1, 0, 0, 1261390527, 0),
(14, 'WEB正在标准化中？', 'web-standarding', 4, '<P>才看了一个网页，关于WEB标准化的思考，<a href="http://kb.operachina.com/node/20" target="_blank">http://kb.operachina.com/node/20</a>，“梦想虽然很美，但实际上到底怎么样”，这个话题也很值得web开发者的深思，貌似这个话题早就存在，但是一直一直进展都很缓慢，到底有多少个网站能符合web标准。看看上面那个链接的调查就知道。?</P>\r\n<P>对于测试网站的标准化检测，你可以登录到这里并输入网址对html文档还有css文档进行检验。?</P>\r\n<P>xhtml：<a href="http://validator.w3.org/" target="_blank">http://validator.w3.org/</a></P>\r\n<P>css：<a href="http://jigsaw.w3.org/css-validator/" target="_blank">http://jigsaw.w3.org/css-validator/</a></P>\r\n<P>其实paperen我并不是一个很专业的web设计师，目前我只能体会到css的强大之处并明白了简化hmtl结构的重要处，the less is more，以最少的html结构完成我们想要的布局与效果，paperen我曾经看到过好像是腾讯还是百度招聘一个职位叫高级html开发者，是这样叫吧…忘了，再看看职位描述有一句“尽量用最简洁的html结构完成页面，并且能有很好的重用性”，描述大体上是这样说吧，html对于每个web开发者来说真是很基础的了，哪个web开发者不会html，但是要做到高级这两个字就真的有点困难了。举个例子吧。</P>\r\n<P>如果让你写一个如图这个html布局，你会怎写</P>\r\n<P><IMG src="http://iamlze.cn/data/images/201001051262696825.jpg" /></P>\r\n<P>这样？</P><P><PRE>&lt;table&gt;<br /> &lt;tr&gt;&lt;td&gt;&lt;a href="#"&gt;logo&lt;/a&gt;&lt;/td&gt;&lt;td&gt;搜索栏&lt;/td&gt;&lt;/tr&gt;<br /> &lt;tr&gt;&lt;td colspan="2"&gt;导航栏&lt;/td&gt;&lt;/tr&gt;<br />&lt;/table&gt; <br /></PRE><P>这样？</P><P><PRE>&lt;div&gt;<br />  &lt;div&gt;&lt;a href="#"&gt;logo&lt;/a&gt;&lt;/div&gt;<br />  &lt;div&gt;搜索栏&lt;/div&gt;<br />&lt;/div&gt;<br />&lt;div&gt;导航栏&lt;/div&gt;<br /></pre></p><P>这样？</P><P><PRE>&lt;div&gt;&lt;a href="#"&gt;logo&lt;/a&gt;&lt;div&gt;搜索栏&lt;/div&gt;&lt;/div&gt;<br />&lt;div&gt;导航栏&lt;/div&gt;<br /></PRE></P><P>这样？</P><P><PRE>&lt;a href="#"&gt;logo&lt;/a&gt;&lt;div&gt;搜索栏&lt;/div&gt;<br />&lt;div&gt;导航栏&lt;/div&gt;<br /></PRE></p><P>这样？</P><P><PRE>&lt;a href="#"&gt;logo&lt;/a&gt;&lt;div&gt;搜索栏&lt;/div&gt;<br />&lt;ul&gt;导航栏&lt;/ul&gt;<br /></PRE></p><P>上面的html应该都可以实现，虽然paperen我没试过…但是对于前两种我本人是不推荐的了，用table布局…，paperen我最不希望看到整个页面都是用table布局的了，第二个div太多了，多余的应该去掉，后面三个都可以考虑，不过后面两个有挑战性，paperen我想了想这两个css的编写也不一定能写出来，最简洁的html结构不是一件容易的事情。</P><P>至于重用性，你可以想象嘛，如果你的html写得好的话，当更换页面皮肤主题时，根本不需要更改html结构，你只需要去修改css文档，知道这个网站吧，http://www.csszengarden.com/ 用一个html结构就可以变化出很多很多漂亮的页面。<br /></P><P>对于xhtml的验证是有难度的，网页中一些元素需要用/&gt;结束，href中的地址不能用类似?id=123&amp;type=1之类的参数，这都只是对于文档的类型Transitional而言，如果是strict的话可能会更加严格，paperen自己的网站就只能通过Transitional的验证而已，strict还没有合格，而对于css文档编写也更是讲究了，class与id的命名确实也是一门学问。</P><P>web标准确实是件很好的事情，但是在商业味道特浓的当今网络，有多少人会注意这个，只希望这个信息能存在在web开发者的脑中吧。</P></PRE>', 1, 1, 1018, 0, 0, 0, 1262698790, 0);
INSERT INTO `post` (`id`, `title`, `urltitle`, `categoryid`, `content`, `authorid`, `ispublic`, `click`, `good`, `bad`, `savetime`, `posttime`, `isdraft`) VALUES
(15, '好酷的Widget', 'cool-widget', 4, '<P>paperen昨天研究了一天的widget并且将答辩论文都准备好了，当然论文写的就是widget这个小东西，不知道大家有没有听过widget，翻译过来的意思就是微件，还是贴上比较权威的解析吧，“widget是一小块可以在任意一个基于HTML的Web页面上执行的代码，它的表现形式可能是视频，地图，新闻，小游戏等等。它的根本思想来源于代码复用，通常情况下，Widget的代码形式包含了DHTML,JavaScript以及Adobe Flash。” </P>\r\n<P>可能这样说也没什么意思，还是贴一下图让大家see see。 </P>\r\n<P><IMG src="http://iamlze.cn/data/images/201001081262957266.jpg" /></P><P>google翻译 </P>\r\n<P><IMG src="http://iamlze.cn/data/images/201001081262957307.jpg" /></P>\r\n<P>天气报告 </P>\r\n<P><IMG src="http://iamlze.cn/data/images/201001081262957336.jpg" /></P>\r\n<P>画画板（自己是我画的哦，可爱吧） </P>\r\n<P><IMG src="http://iamlze.cn/data/images/201001081262957378.jpg" /></P>\r\n<P>当然还有小游戏玩 </P>\r\n<P><IMG src="http://iamlze.cn/data/images/201001081262957520.jpg" /></P>\r\n<P>当然少不了自己diy一个。 </P>\r\n<P>估计大家应该有装过鱼鱼桌面秀之类的桌面工具吧，widget在pc上的应用表现形式就与那个差不多，你可以对它进行拖移，你不需要打开浏览器就可以查看天气预报与邮件信息，还有最新资讯。而且他们的外表可以做得很cool，满足我们视觉上的要求。 </P>\r\n<P>好像现在windows上还需要安装一些模块才能支持widget，不知道win7能不能支持widget，反正xp下是不支持的，因为widget这个小玩意是出自苹果操作系统的,目前windows平台对它的支持还不是很好，但是paperen我觉得会渐渐普及起来的，我看好widget这个小玩意，确实很cool。 </P>\r\n<P>或许大家看到这里会疑问，“哇靠，paperen你是不是在骗人啊，说叉p系统不能玩widegt又放出这么多widget图片”，确实xp系统是不识别widget文件的啊，但是paperen我使用了opera嘛（opera也是一个很出名的浏览器），在opera浏览器的平台上你可以安装并运行widget，目前只能这样了，paperen我还没找到使xp直接启动widget的办法，找的资料全是E文的，但还是没找到，感觉好像中国对widget这方面的资料还是很少的。 </P>\r\n<P>paperen我也来揭示一下一个很简单的widget程序的文件目录。</P>\r\n<P><IMG src="http://iamlze.cn/data/images/201001081262958484.jpg" /></P>\r\n<P>基本上与写网页文件差不多的，config.xml是声明这个是一个widget程序并声明一些参数，widget的长宽，作者描述等等，ico，jpg等一般可以用来当做widget程序的图标，index文件就是主文件啦，还有css文件是对widget进行美化的，当然少不了JavaScript脚本文件（这里的截图没放出来，因为都写到index中去了），其实真的与写一个网页差不多，但是功夫主要在Java上，老实说paperen玩JavaScript玩得也不是很强啊，但是写一些简单的js还勉强可以。你也可以照着下面这个教程弄一个自己的widget。 </P>\r\n<P><A href="http://kb.operachina.com/node/80">http://kb.operachina.com/node/80</A></P>\r\n<P><A href="http://bbs.operachina.com/viewtopic.php?f=38&amp;t=43373">http://bbs.operachina.com/viewtopic.php?f=38&amp;t=43373</A> </P>\r\n<P>还有强烈推荐你安装上opera去体验一下widget的魅力，还有现在一些Nokia手机也支持widget了。当你接触过widget后，你会不会觉得下一代的桌面将由widget来取代呢，paperen我觉得挺有可能的。下面的网址是分享给想对widget有进一步了解的小朋友看的。还是出自opera中文网站，很不错的教程。 </P>\r\n<P><A href="http://kb.operachina.com/taxonomy/term/29">http://kb.operachina.com/taxonomy/term/29</A></P>', 1, 1, 1121, 0, 0, 0, 1262959505, 0),
(16, 'google要离开中国', 'google-leave', 4, '<P>听说谷歌要离开中国，确实是一个不少的新闻，但是好像目前还没有算是正式退出中国市场，在网上看了些资料，原因不少，但是总的原因好像是在中国站不住脚的说，争不过百度，投入不少但是利润却不多，paperen我虽然对网络营销也不是很懂，但是谷歌难道真的就这样退出啊？google来到中国才几年，就想一下子占用中国网络较重的地位显然不太实际，而其还有百度这个强劲对手，paperen个人认为，google还是应该留着，毕竟中国还是有市场的。 </P>\r\n<P>对于百度与谷歌两大搜索引擎的使用嘛，paperen我挺喜欢google的，百度确实是国产的，你说应该支持国产的，貌似是应该支持，但是paperen我还是喜欢用google多点，你总不能因为这个来鄙视我吧……现在的思想这么开放，是吧？google的api功能挺不错的啊，他某些方面确实比百度做得要好，不知道各位有没有用过google的其他功能，而且google来踩paperen网站的次数也是不少的，而百度就……目前还没收录的说……可能是paperen我的SEO（搜索引擎优化）没做好吧，从这一点上我是顶google的，大家不要怪我自私嘛，是吧？ </P>\r\n<P>总之嘛，我觉得google应该不会走吧，不知道你怎么想的，还有大家平时用不用google搜索东西的啊？paperen觉得应该也不多，宿舍八个人就我一个用google搜索的，哎，确实看到google在中国的地位了…… </P>\r\n<P>貌似又写了一篇无聊的文章…… </P>\r\n<P><A href="http://opinion.huanqiu.com/roll/2010-01/690659.html">http://opinion.huanqiu.com/roll/2010-01/690659.html</A></P>', 1, 1, 1117, 0, 0, 0, 1263651119, 0),
(17, '两个好用而且免费的php报表工具', 'two-open-chart-tools', 2, '<P>话说吴同学有任务给我做，昨天还打电话给我说需要搞几个功能，一个是报表一个是打印，昨天都研究了打印那个控件半天，结果证实了某些功能需要购买才能使，也不能怪人家，都不容易嘛，哪有像外国人那么大方的（貌似是吧……）就找了这两个报表工具而言（都是free的--免费），当然你也可以买，paperen我也不知道付费与不付费有啥不同，没仔细看他们的网站。（还有事先声明paperen我没给他们买广告……） </P>\r\n<P><A href="http://down.52z.com/xl/FusionChartsFree.rar">http://down.52z.com/xl/FusionChartsFree.rar</A> FusionChartsFree下载 </P>\r\n<P>至于open-flash-chart的下载自己到官网上找找就有，paperen我忘了记地址了…… </P>\r\n<P>自己照着FusionCharts给的例子也搞了下，给自己博客的文章类别统计一下， </P>\r\n<P><A href="http://iamlze.cn/demo/charts/">http://iamlze.cn/demo/charts/</A></P>\r\n<P>（1.18 16:12补上自己用open-flash-chart做的demo） </P>\r\n<P><A href="http://iamlze.cn/demo/charts/ofc.php">http://iamlze.cn/demo/charts/ofc.php</A></P>\r\n<P>大家可以对比一下效果，调用方法都很全，自己看看就懂了，其实paperen我花在FusionCharts的时间比open-flash-chart要多点，毕竟FusionCharts下载下来里面就有一个很好的学习教程，一般你跟着做就可以了，支持导入xml文件的，也支持以字符串的形式导入数据，好像不支持json，但是我看了一下open-flash-chart就支持json，可能是我这个版本的FusionCharts的缘故吧，反正自己看了他的Tutorial还没看到有json的字眼，一般都是xml的。 </P>\r\n<P>事实上两个功能好像都差不多，但paperen个人还是喜欢open-flash-chart的视觉效果，没FusionCharts那么土吧，截几张图片看看就知道啦，或者到这里看看也行（从上面的demo也可以看出那个漂亮点了吧）。 </P>\r\n<P><A href="http://teethgrinder.co.uk/open-flash-chart/">http://teethgrinder.co.uk/open-flash-chart/</A> </P>\r\n<P><IMG src="http://iamlze.cn/data/images/201001181263790321.jpg" /> </P>\r\n<P>而且open-flash-chart的花样也不少，不过大家用的时候要注意一下编码的问题，如果是数据是中文的话可能需要用iconv一下,还有推荐大家用火狐看这种报表，为什么？自己试试就明白了。</P>', 1, 1, 3154, 1, 0, 0, 1263790547, 0),
(18, '那些令人感动的生命', 'some-moving', 1, '<P>在你觉得生活没劲时或许应该看看这些了，那些顽强而且令人感动的生命，paperen我看完后都留了一摊泪水，绝对不是夸张 </P>\r\n<P><A href="http://v.youku.com/v_show/id_XMzY5Mjk5OTY=.html">http://v.youku.com/v_show/id_XMzY5Mjk5OTY=.html</A></P>', 1, 1, 1222, 0, 0, 0, 1264052435, 0),
(19, 'paperen的近况', 'paperen-recent', 4, '<P>貌似好几天都没更新博客了，paperen在忙帮吴同学弄他们家公司的一个管理系统啊，说容易也不容易，说困难也不困难，而且吴同学的要求也是很高的。感觉paperen现在使用ajax有点泛滥了，不过自己确实喜欢使用它，不用每次操作都要提交数据导致刷新页面，不过各人有各人爱好吧，使用ajax反而增加了js文件的大小，还有需要注重js函数的重用性，paperen认为一个出色的程序员也是一个很懒的人才对的。 </P>\r\n<P>昨晚换了个博客主图片，paperen自己画的啊，感觉还行吧，好像花了差不多两个小时吧，本身还打算上色的，不过都已经凌晨1点了……还是算了吧，但爸爸没睡呢，还在厅的台式电脑前……好像还在玩那个幻幻球游戏（我传给我细佬玩的）。这张新的图片就算是这几天一个比较大的更新吧。 </P>\r\n<P>看到自己的博客慢慢地被搜索引擎收录了，而且今天自己在搜索“paperen博客”时也看到一些网站把自己的某些文章抄去了，看来自己的某些文章还是有人认同滴，但是他们为什么不告诉我一声呢……</P>', 1, 1, 1232, 0, 0, 0, 1264832862, 0),
(20, '我是怎样编写网站代码的', 'how-to-code', 2, '<P>又是一个以自己为钻研目标的话题，可能你会有更好的办法（例如使用框架开发）欢迎交流，而我这里也只是与大家分享一下自己的做法。 </P>\r\n<P>初期：庞大而独立的风格。 </P>\r\n<P>记得那时paperen我从asp过来php的时候，都是将一大堆的php代码写在一个文件中，夹杂着html与php代码，而且每个文件的独立性很强，它们彼此间缺少分享精神，它们都是很自私，除了那个连接数据库的文件外，因为那时我就是在每个文件头部require("db.php");这样做的，而且还没分块来实现，就是说整个页面的html都是复制过去另一个页面里面，变的可能只是php代码与一些模块内容。</P>\r\n<P><IMG src="http://iamlze.cn/data/images/201002011265037790.jpg" /> </P>\r\n<P>或者说这种模式比较适合初上手php的，当然这种编写代码的方式有自己的优点： </P>\r\n<P>1.你不用到处寻找代码，调试与挑错都比较好办，因为每个文件之间都是独立的，这个文件出错了你只针对其进行检查好了</P>\r\n<P>2.一眼可以看透文件的思路与做法，只要你能将整个文件的内容看完就基本能明白其编写思路 </P>\r\n<P>但是这种编写代码方式有着很致命的缺憾，就是重用性太低了，每写一个文件你都得要重写甚至复制原来的html代码与某些php代码，如果假设我要改导航栏或者脚部一些文字，你得要打开全部文件然后逐个改，很好，即使你很有耐心但是这确实不是一种值得推荐的编写代码的方法。 </P>\r\n<P>初中期：大头型 </P>\r\n<P>之后paperen我算是有点进步，不过对比于初期没太大的改观……</P>\r\n<P><IMG src="http://iamlze.cn/data/images/201002011265039169.jpg" /> </P>\r\n<P>将一些页面的共同元素提出来作为共享文件引用，添加了一个公共函数库文件，优点相对于初期那种做法是明显的。 </P>\r\n<P>1.对于修改页面中共同的部分时（head.php与foot.php文件）你只需要到相应文件修改即可，修改后所有页面都会更改而不至于像初期那样每个文件都得修改一次。</P>\r\n<P>2.引入了公共函数库文件，一些常用功能可以封装成单独的函数，稍微增强了代码的重用性。 </P>\r\n<P>但是看看，文件的头部还是存在不少的php代码，大头的现象，其实仔细想想这部分的功能就相当于文件的控制器，它可能用于接收表单的数据与分析数据并对不同参数进行不同的动作并会影响到页面内容的变化。那是不是可以将头部提取出来呢？将控制部分与html部分分开。 </P>\r\n<P>中期：有点分层次的味道</P>\r\n<P><IMG src="http://iamlze.cn/data/images/201002021265040112.jpg" /></P>\r\n<P>将每个页html部分提取出来放到一个文件（任何格式都是可以的）中，然后为每个页建立一个php页，这个php文件就相当于控制器了，头部的代码完全可以放在这里，然后再去决定调用哪个模块文件。原来的一个文件（php）现在要分成两个文件（模块文件与控制文件）。 </P>\r\n<P>优点：</P>\r\n<P>1.很明显这样做是更加合理而且更加有利于站点的组建，控制代码与html貌似是分离开了。</P>\r\n<P>2.自己想吧……paperen我实在是想不出了…… </P>\r\n<P>现在：统一的入口都是以index页为动作的驱动，根据参数决定目前浏览者的动作并根据其动作作出相应的相应，比如你要访问test页，那么传参数给index页,index.php?p=test然后根据该动作引入test.php控制文件，（判断是否存在此控制文件与判断一些参数的正确性也很重要的，不可忽视的地方）通过一些动作或者与数据库交互后再读入相应模块文件(head.tpl,test.tpl,foot.tpl等文件)。 </P>\r\n<P><IMG src="http://iamlze.cn/data/images/201002021265041477.jpg" /> </P>\r\n<P>你还需要define一些常量，因为这样会十分方便你在后续的编码。 </P>\r\n<P><IMG src="http://iamlze.cn/data/images/201002021265041760.jpg" /> </P>\r\n<P>目前paperen我都是这样进行网站的代码编写的，当然貌似还有更不错的方法可以使你更快捷地建立网站，就是使用传说中的框架进行开发，不过paperen我目前还是不太熟悉，所以暂时不举例子。 </P>\r\n<P>其实对与上面说tpl文件（paperen所形容的模块文件）并不是说没有任何php代码，其实也是由html与php代码夹杂着的。 </P>\r\n<P><IMG style="WIDTH: 500px; HEIGHT: 234px" src="http://iamlze.cn/data/images/201002021265042091.jpg" /> </P>\r\n<P>其实paperen这样也并没有真正上实现了php与html的分离，当然你可以使用smarty或者像phpcms那样使用一些正则替换来实现所谓的php与html分离的功能。其实paperen我也不清楚自己这样编码究竟算不算是MVC模式呢？（模板，视图，控制）或许有些少味道吧……</P>', 1, 1, 1350, 0, 0, 0, 1265042414, 0),
(21, '很早之前偷的图片转换效果js', 'stealing-js-picshow', 3, '<P>这个今天刚记起所以就放出来分享一下，是很前一段时间paperen为了帮小王所以扒下来的，还没看它的js代码，其实paperen不是很经常偷别人的东西啦，就是偶尔有时候为了帮忙或者实在觉得效果不错就下手咯……那也是理所当然的事情嘛，大家说是吧？ </P>\r\n<P>不多说demo地址在这里 <A href="http://iamlze.cn/demo/picrun/">http://iamlze.cn/demo/picrun/</A></P>\r\n<P>自己看看吧，喜欢的话拿去吧（查看源代码，拿css文件与js文件就行啦，paperen我已经将css文件做缩减了，不过js文件还没整理好，大家将就吧……有谁整理好的也可以发我一个）</P>', 1, 1, 1243, 0, 0, 0, 1265044563, 0),
(22, '近来关于css的不正常思想', 'some-crazy-about-css', 3, '<P>paperen最近在设计某人的砂场销售系统页面的时候，突然在对css的命名有了点想法，比如对某个元素你可以使用id或者class来对它的css进行编写。前者的区别与后者的区别是明显的，同一个页面中id号是唯一的，也就是说不能有两个或以上的id名字在同一个页面出现，而class则相反，你可以在一个页面中使用同一个class对不同元素进行美化，而且可以套用多个class。类似下面这样写。 </P><PRE>#useid{font-size:12px;}<br />.useclass{border:1px #CCCCCC solid;}<br />.bigfont{font-size:14px;}<br />&lt;/style&gt;<br />&lt;div id="useid"&gt;记住ID号唯一&lt;/div&gt;<br />&lt;div class="useclass"&gt;而使用class则不同&lt;/div&gt;<br />&lt;div class="useclass bigfont"&gt;而使用class则不同&lt;/div&gt;<br /></PRE><P>这些是写css的基本准则了，可能大家对多个class一起套用的方法用得不多吧，paperen我也是在学做WordPress的模板时发现可以这样用的（可能是以前看书不够仔细吧……） </P>\r\n<P>那么如果要写写paperen右边的边栏的css应该怎样写呢？ </P>\r\n<P>如果你喜欢使用id的话，你可能会这样：<br /></P><PRE>&lt;style&gt;<br />#sidebar{}<br />#sidebar #motto,#sidebar #lastpost{}<br />#sidebar #motto h5,#sidebar #lastpost h5{}<br />#sidebar #motto p,#sidebar #lastpost p{}<br />#sidebar #motto li,#sidebar #lastpost li{}<br />&lt;/style&gt;<br />&lt;div id="sidebar"&gt;<br /> &lt;div id="motto"&gt;<br />  &lt;h5&gt;心情&lt;/h5&gt;<br />  &lt;p&gt;做自己喜欢的事并喜欢自己所做的事&lt;/p&gt;<br /> &lt;/div&gt;<br /> &lt;div id="lastpost"&gt;<br />  &lt;h5&gt;最新无聊文章&lt;/h5&gt;<br />  &lt;ul&gt;<br />   &lt;li&gt;&lt;a href="#"&gt;看了别后悔&lt;/a&gt;&lt;/li&gt;<br />   &lt;li&gt;&lt;a href="#"&gt;今天下了好多雨&lt;/a&gt;&lt;/li&gt;<br />  &lt;/ul&gt;<br /> &lt;/div&gt;<br />&lt;/div&gt;<br /></PRE><P>对于有没有必要用一个div包住不同的sidebar中的各部分内容，这个自己想吧，paperen我自己也不好说，而很明显随着sidebar里面的内容丰富（这里就写到最新文章那），css的这部分也会越来越长 </P><PRE>#sidebar #motto,#sidebar #lastpost{}<br />#sidebar #motto h5,#sidebar #lastpost h5{}<br />#sidebar #motto p,#sidebar #lastpost p{}<br />#sidebar #motto li,#sidebar #lastpost li{}</PRE><P>故这样看上去会觉得比较的混乱，但是这样的css写法对微调是相对方便点，因为你可以对每个sidebar中的内容进行微调。比如如果我想对新文章那个标题加背景，你就在上面这些css后面加上#sidebar #lastpost h5{background:#CCCCCC;}就能使新文章那产生有别于其他版块的效果。对这样的css再稍微简化一下。</P><PRE>&lt;style&gt;<br />#sidebar{}<br />(一个tab的空白距离)#motto,#lastpost{}<br /> #motto h5,#lastpost h5{}<br /> #motto p,#lastpost p{}<br /> #motto li,#lastpost li{}<br />&lt;/style&gt;<br /></PRE><P>省去了前缀#sidebar，而对css写法也使用缩进的写法，paperen我也是在一次偶然的机会下看到的，忘了是哪个网站还是哪个模板的css代码写法了，这种写法体现层级关系，与html的写法类似，这样写也有理由，因为你可以从css就看出html中元素的嵌套关系。谁在外面谁在里面。 </P>\r\n<P>如果对于喜欢使用class的话，可能会这样写。</P><PRE>&lt;style&gt;<br />.sidebar{}<br />.sidebar_box{}<br />.sidebar_box h5{}<br />.sidebar_box p{}<br />.sidebar_box li{}<br />&lt;/style&gt;<br /><br />&lt;div class="sidebar"&gt;<br /> &lt;div class="sidebar_box"&gt;<br />  &lt;h5&gt;心情&lt;/h5&gt;<br />  &lt;p&gt;做自己喜欢的事并喜欢自己所做的事&lt;/p&gt;<br /> &lt;/div&gt;<br /> &lt;div class="sidebar_box"&gt;<br />  &lt;h5&gt;最新无聊文章&lt;/h5&gt;<br />  &lt;ul&gt;<br />   &lt;li&gt;&lt;a href="#"&gt;看了别后悔&lt;/a&gt;&lt;/li&gt;<br />   &lt;li&gt;&lt;a href="#"&gt;今天下了好多雨&lt;/a&gt;&lt;/li&gt;<br />  &lt;/ul&gt;<br /> &lt;/div&gt;<br />&lt;/div&gt;<br /></PRE><P>很明显地觉得这样的代码比使用id的css写出来的代码看起来舒服，简洁，但是这样的话微调的能力不高，如果确实需要微调的话，需要附加上id号。例如如果要对新文章的标题加背景的话，需要给&lt;DIV class="sidebar_box"&gt;加上id="last_post"然后再写.sidebar_box#last_post h5{background:#CCCCCC;}，需要扩展一下html元素吧（paperen尚且这样形容--扩展html元素就是添加上一个id号啦，实在不知道专业术语应该怎说了）。而这里的css写法paperen觉得就没必要写成有嵌套关系的了吧。 \r\n<P>而paperen自己是推荐大体使用class的方法再配合使用id对局部地方进行微调的css写法，因为这个很好理解，使用class对需要一样渲染效果的html元素进行渲染，然后使用id对局部特殊的元素进行另类的渲染，听上去确实也是很美好的。 </P>\r\n<P>而如果我要心情那的标题加背景，新文章那标题加下边框，新评论那个的字体加黑，被踩得火热的文章那个文字颜色不一样，随机来一篇文章那的边距与其他的不一样……当每个元素的个性化比较突出时，使用上面这样的写法也是避免不了css的混乱。.sidebar_box#last_post h5类似这种的css会比较多，不过这个确实是不可避免的了，因为你确实觉得这样是最好的方法了。 </P>\r\n<P>不过近来paperen有了一个可怕的念头……就是使用N多个class……希望大家不要见笑。 </P>\r\n<P>如果我将一些基本的效果单独出来再来渲染一个html元素。</P><P><PRE>&lt;style&gt;<br />.float_left{float:left;}<br />.float_right{float:right;}<br />.stress{font-weight:bold;}<br />.border_bottom{border:1px #CCCCCC solid;}<br />.red{color:#FF0000;}<br />.padding_3{padding:3px;}<br />.margin_5{margin:5px;}<br />.margin_5_auto{margin:5px auto;}<br />.width950{width:950px;}<br />&lt;/style&gt;<br />&lt;div class="float_left stress border_bottom padding_3 red margin_5_auto width950"&gt;是不是比较BT的想法&lt;/div&gt;<br /></PRE><P>那么你觉得这个做法怎样？还是令css很混乱？还是更差？想想，希望你能说出你的想法然后分享一下。当然paperen我不会提供你关于css的最好的写法，因为我自己都不是很能领悟什么是最好的css写法与怎样使用最简的html完成一些页面，这里paperen我只是说出自己对于css的一些想法而已。</P>', 1, 1, 850, 0, 0, 0, 1265552800, 0),
(23, '年三十杂文一篇', 'essays', 1, '<P>今天差不多十一点才起床，还是冷点睡得舒服，家这边的天气确实也挺离谱的，前几天是夏天而过了一夜就成冬天，不过老实说paperen我还是喜欢冬天，不知不觉又到了新年，自己还没去找工作呢，前段时期的任务还没有完成，感觉这段时光是在真正的休息似的，专科的朋友们都已经上岗位半年了，而自己现在就要面临找工作了，看他们的工资也不低，不知不觉间又问了一句“其实读专科与读本科有什么区别呢……”，又仿佛觉得中国的教育实在不是那么的靠谱。 </P>\r\n<P>当然啦，看到别人在努力为了未来奋斗的时候也会提醒自己要做些东西，不过那种感觉很怪，你看到他们有工作了，又觉得自己也应该要有份工作，因为好像大家都认为读完四年的最好而且最光荣的成就就是能找一份工资高的工作，而paperen的一些朋友甚至是老师也一直很看好我，说我一定一定要找份很好的工作，要成为怎么样……我也搞不清那是给我的支持还是压力，而妈妈前段时间也不停在拉关系，paperen我也跟她说很多次我不想靠她所谓的人际关系去获得所谓高薪而且高福利的工作，但是我也没给她表明我能找到一份什么样的工作，而paperen觉得自己也是一名死干活的，当不了干部当不了管理，或许那也是宿命，爷爷，爸爸都是那样的人，不过我一直以他们为榜样，我觉得自己就是应该当那样的人，虽然妈妈说我们是不思进取，但是我还是觉得追求自己的理想与兴趣是很令人幸福的事情。 </P>\r\n<P>自己对生活的理解似乎越来越深刻，paperen我明白活着并不是去混日子，而是应该去追求什么，而生活好像真的不是一件很轻松的事情，而快乐也是要自己去追求的，而不是像小时候的那样能嬉皮笑脸。 </P>\r\n<P>paperen我也忘记许多人了，今天群发了N条短信，将手机的通讯本中的所有人都发了一遍，对于某些人的印象都是在自己看到他们的名字时才能记起曾经的交往，某些人的手机号码则是没有回复报告，就是说此号码已经停用，但是我还是没从通讯录中删除他们，还是留着吧，因为他们曾经出现在自己的生活中，所以还是留着吧，而一瞬间，手机的通讯录貌似就成为了自己的回忆录，每标记一个人你就会想起曾经与他交往的事情。 </P>\r\n<P>还是谈回天气吧，谈天气总是比较轻松而且没有什么深度的事情。昨晚穿着两件衫出去坐着爸爸的摩托上，感觉确实比较冷，有时候想问一下有体会过北方冬天温度的南方人，到底是北方冬天冷还是南方冬天冷。 </P>\r\n<P>算啦，也想不出有什么好说的啦，啊，对了，家里那只猫咪这段时间老是在自己的床上睡觉……细佬放假天天就是在看TVS5……叔叔已经将吉他拿回来给我，但是发觉自己已经唱不出歌了……还有发觉自己的胡子不刮两天就很长了…… </P>\r\n<P>而最后最后还是给大家拜个早年吧，paperen自己不会说太多夸张的话，就几句罢了，新年快乐，身体健康，事事顺心吧，或者还加上一个，珍惜现在。</P>', 1, 1, 972, 1, 0, 0, 1266042506, 0),
(24, '在网页设计中使用圆角形', 'use-radius-in-webpage', 3, '<P>新年就这样过去了，其实paperen都觉得新年好像越来越没意思，都是与亲戚们到处吃饭，自己还是喜欢吃家里的饭，而且到外面吃paperen我一定吃不饱的……最近几天聚会也很多，加上前天服务器维护所以导致今天才能写写文章。 </P>\r\n<P>话说N久之前paperen我就想在网页中使用圆角形来做，看过一些css书中也有相关介绍，某些做法也是很麻烦的，对html结构很不好，而如果大家有对css3有了解的话也知道css3中已经有支持圆角形的css了，只不过不是每个浏览器都能解析，特别是ie，也就是说你还是得安安分分想其他办法去应付ie浏览器中的圆角形效果，而这里也稍微说说自己曾经与现在制造圆角形的方法。 </P>\r\n<P>因为对于css3的圆角形的css代码普遍不被支持，所以paperen一般还是使用图片来制造圆角形的效果。 </P>\r\n<P>而曾经paperen是这样制造圆角形的。</P>\r\n<P><IMG src="http://iamlze.cn/data/images/201002231266854768.png" /> </P><P>(虚线是表示按照虚线来切图，或者如果需要标题的话头部应该留高一点)这样貌似也是一种方法，html结构可以写成这样</P><P><PRE>&lt;div class="container"&gt;<br />&lt;h5 class="t"&gt;&lt;/h5&gt;&lt;!--或者可以扩展一下头部标题的作用，需要统一定义padding与margin啦--&gt;<br />&lt;p class="b"&gt;&lt;/p&gt;&lt;!--用于放内容的--&gt;<br />&lt;span class="f"&gt;&lt;/span&gt;&lt;!--用于底部那张图片--&gt;<br />&lt;/div&gt;</PRE>或者你还可以这样\r\n<P><IMG src="http://iamlze.cn/data/images/201002231266855579.png" /> </P><P><PRE>&lt;div class="container"&gt;<br />  &lt;div class="l"&gt;<br />   &lt;h1 class="t"&gt;我是圆角形的啊&lt;a href="#" class="more"&gt;更多&lt;/a&gt;&lt;/h1&gt;<br />  &lt;/div&gt;<br />&lt;/div&gt;<br /></PRE><P>贴上这个的css，相比于第一种方法，这个html结构比较简单而且巧妙处在css中充分利用了padding这个内边框属性还有图片定位显示</P><PRE>.container{margin:5px;background:url(my.gif) no-repeat 0px 0px;width:250px;}<br />.l{background:url(my.gif) no-repeat 100% -70px;padding:0px 7px 0px 7px;}<br />.t{background:url(my.gif) repeat-x 0px -35px;font-size:12px;height:22px;padding:8px 8px 0px 8px;position:relative;}<br />.t .more{position:absolute;right:7px;}</PRE><P>其实都是使用相同的图片，只不过是显示的位置不一样。</P>\r\n<P><IMG src="http://iamlze.cn/data/images/201002231266856100.gif" /></P>\r\n<P>它们之间的垂直距离是5px，彼此都是30px高。 </P>\r\n<P>其实还有一种最方便的方法实现圆角形，就是css3中的Border-radius属性，但是<IMG style="WIDTH: 500px; HEIGHT: 159px" src="http://iamlze.cn/data/images/201002231266856261.jpg" /></P><P>不是每个浏览器都能对它很好的支持的啊……</P><PRE>.test{border-width:1px;border-style:solid;-moz-border-radius:5px;-khtml-border-radius:5px;-webkit-border-radius:5px;border-radius:5px;padding:5px;}\r\n</PRE><P>将一个容器加上class属性是test，然后在火狐中看看它的边框已经是圆角形了，但是ie中却不行，包括opera。这就是大名鼎鼎的，浏览器对css兼容的问题啦。 </P>\r\n<P>话说回来不知道大家看了上面的三种方法有什么体会，paperen就觉得一二种都不是很完美的方法，因为容器的高度是固定了，如果一改变高度则需要修改图片与css的数值，并不具有可适应的优点，记得以前在看css书的时候曾经看到有一种办法是可以制造有弹性的圆角形的，不过那时候paperen看到它的html有点复杂没有记下来。而至于第三种方法嘛，确实很废……如果你只考虑火狐中网页的效果的话是可以使用，但是如果还要保证ie中看的效果你还是老老实实用图片的方法来做吧，或者用其他比我这里说的更好的办法去弄吧。</P>', 1, 1, 987, 0, 0, 0, 1266856821, 0),
(25, '突然', 'suddenly', 1, '<P>话说paperen真的好久没更新博客了……这段时间好像都不想写东西了，特别是等待通知的时候心烦得很，根本就不想写东西，而今天也终于写一下吧，因为突然间就上班了，在江门一家公司做，现在还刚开始，他们用的框架是QeePHP，自己啥都不会还得从头开始上手，今天第一天上班，感觉还行吧，不是特别累，但是也是挺累……因为paperen我要看框架文档，要知道怎样用这个框架开发，还有他们也给我一个时间去完成任务，感觉这个公司的内部管理制度还是不错的。而同事们都挺好的，搞技术的都是高手，搞市场的也是高手，而且都很年轻。 </P>\r\n<P>今天下午广州那家诺网公司打电话叫我明天去复试，paperen我那时确实挺矛盾的，但是当时就狠心推掉了，因为感觉现在这份工作挺不错的，虽然现在是实习时期工资也不高，但公司还是不错的，先做着看看吧。明早还是要6点起床，工作啊工作啊…… </P>\r\n<P>以上内容是写在3月25日的。 </P>\r\n<P>而突然现在我就将江门那份退掉了，而昨天我请了假（理由还是说回乡，其实是打算去广州），手机其实已调了闹钟，7点多就响了，但是我还是继续睡下去，一直拖到9点多，然后起床刷牙，对着镜子想了许久，好像镜子里面的那个自己老是在问“你不是要去广州吗？还去不去啊？”，其实26日那天广州那间公司又给我打了一个电话，要我过来复试再谈待遇，说待遇会比我现在的好，当然paperen我也是得考虑待遇的，如果你到了广州还是与这里一样的工资肯定不行，因为在广州还得租房住嘛，还要自己的生活费用，不像在家里这样。但是paperen决定要去试试的原因主要是这份工作是我自己争取回来的，感觉与现在这份工作有点不同的味道，既然第一轮笔试通过了（或许是通过了吧，因为自己感觉做得不怎么好……）为什么不再去试试，我怕自己以后会后悔，所以就决定请一天假再去一趟。但是昨天从7点多一直到11点多，应该是说从离开家门口一直到新会汽车站，自己都没有坚决的心情……中途还想放弃，但是最后还是买上去广州的车票，自己连中午饭都没吃就吃了个早餐，一路赶过去地铁然后公交，终于两点四十多到了，填一份资料然后机试，自己大约用了不到一个小时就算完成了，然后谈了一些工资与公司的情况，说给我两天时间准备，然后如果来的话星期一就上班，而且直接有任务做。当时自己真的没太开心……因为时间很紧。而当我晚上10点多回到新会时，爸爸告诉我，叔叔让我给他打电话，跟他通了电话后才知道他这个周末从深圳回来了，告诉我他深圳间公司也需要人开发网站，也要我考虑一下，有时候真的很难抉择……有人说考虑待遇，有人说考虑自己的想法……那你觉得呢？我现在都不知道如果选择好了，感觉自己现在没了一些东西，以前弄懒吧那时的某种心情。此时此刻的我还是未果……</P>', 1, 1, 997, 1, 0, 0, 1269275908, 0),
(26, '岁月的童话', 'only-yesterday', 1, '<P>其实是不想起这么深奥的一个标题的，但是此时此刻在听着罗嘉良的这首歌，记得这是以前翡翠台那部叫流金岁月电视剧的主题曲，paperen我最喜欢一开始口哨这段，听着这个旋律真的让我觉得岁月在流逝，还有想起了以前那些珍贵的时刻。 </P>\r\n<P>今天确实点累了，好不容易才到了周末，本来下午也开始放假的，但是还是选择在公司度过，开发部的人员都在，他们都好勤奋，或者说做技术的都是这样吧。感觉paperen的工作已经开始慢慢上轨，这周也完成了几个分任务而目前还有一个个人项目在做。而这七天来paperen貌似都在重复一个节奏，生活貌似确实是很单调，下班了回来就是对着四面墙。 </P>\r\n<P>paperen我真的是很难给自己定义一个生活标准，也很难去改变什么，即使明明觉得单调但是还继续这样下去，改变自己这个动作在我的字典中好像就是不存在，无聊的时候对着镜子看着里面的那个自己，paperen我是想成为一个综合能力很强的web developer，想做很多很多好的网站，这些就是我想到的目标了，程序员能做一辈子么？写代码能写一辈子么？你是不是会这样问我，其实paperen的答案也是不知道，虽然paperen听得出如果你这样问我的意思是说程序员不能做一辈子，但是我也没说自己会当一辈子程序员嘛，paperen只是想成为一个综合能力强的网站开发者。 </P>\r\n<P>妈妈与叔叔都说要赚钱还是要自己出来做啊，自己搞自己的公司，但是创业这个词在我脑中就是空空的，貌似paperen我不是那种善于发掘与创业的人，至少目前paperen我没有什么创业的念头。目前只是一心想提升自己的技能。 </P>\r\n<P>今晚与习技团队中的一个孩子聊天，他老是说我这种待遇在广州不行，他说1500在广州怎买房，3000也不行啊，paperen我到底也没想过在广州买房……现在为什么我满脑子都是想着怎样去完成主管布置我的那个项目，我没想到自己的工资应该怎样翻倍地增长，待遇应该怎样更好，当然目前paperen还是想着去住小区，但是给自己换一个更好的居住环境所需要的物质上的支持以现在的我来说是不可能的，或许这也可以成为自己的一个奋斗理由。 </P>\r\n<P>那个孩子说自己以后的待遇要怎么样的好，说要么就不做，一做就要做最好的，要当一个架构师，年薪过万的，这样的理想也挺不错，但是是不是说一开始就能做架构师，一开始就能做到最好，paperen我无权去否决一个人的理想，因为自己的理想也是很弱智的，而当你有了一个理想后就会有了另一种生活观，你会在生活中去完善你这种生活观并有了一个意识，你应该去做什么不应该去做什么。或许paperen在这里想说的只是说明自己也是一个没有对错之分的人。 </P>\r\n<P>8点50离开出租屋，走出那条七天来都是又脏又湿的小巷，经过人来人往的小街道，然后晚上都是到同一家饭店吃同一个菜式，晚上7点半左右再经过人来人往的小街道，走进那条七天来都是又脏又湿的小巷，回到四面墙的出租屋里面……生活是那样的简单，快乐来源于什么？你能告诉我么？除了将所有贡献在工作上你还能够做些什么？自己的兴趣确实是网站开发，但是你能告诉我我目前的工作不是程序员么？ </P>\r\n<P>此时此刻的paperen并不是怀着某种悲伤或者迷惑的心情去写这篇东西的，只是当我听着这段口哨声不知不觉地开始怀念小时候画画的心情，怀念那时候与爷爷一起去摘鸡蛋花的情景，怀念自己弹琴的心情，怀念自己踢球的心情……那些不会被重复的心情，好像就是唯一的感觉，好像自己的心情也还是那么的平静，但是此时就是有点感触。 </P>\r\n<P>paperen我是不会不开心的，只是有时候会有想哭的冲动，比如当自己第一天下班回到出租屋看着屋内四面墙的时候，当自己想起与死党们踢球的时候，当自己写着这篇文章的时候……或许许多事情是没有目的的，自己貌似能看透一切但是还是得接受一切。 </P>\r\n<P>我想岁月这个名词貌似就已经很深奥，一个人能将岁月理解透了也真的不容易了，不知道大家对岁月这个词有什么感觉，反正paperen觉得自己会用岁月的童话中的这段口哨声代替我对这个词的形容吧。</P>', 1, 1, 1013, 1, 0, 0, 1270921871, 0),
(27, '两个Correcting Orphans的方法', 'two-ways-correcting-orphans', 3, '<P>哇塞！看到这个题目或许就让人糊涂……连paperen自己都看不懂是什么意思，“更正孤儿”其实这是一个关于css布局的问题，例如你想做一个效果是，左边是一张小图片右边是一堆文字，就是半图半字的布局，那么这篇或许正是你需要的。 </P>\r\n<P>在paperen琢磨自己新设计的皮肤时，也抽点空先尝试一下设计图中一些布局中的css技巧，而也正是有使用这个布局的地方，而在sohtanaka的博客那也找到了一篇关于这个css技巧的文章，而文章名字就是Correcting Orphans，paperen所以在这里也用了这个名字，所谓站在巨人肩膀上嘛~~ </P>\r\n<P>解决方法1：sohtanaka说的 </P>\r\n<P>sohtanaka的博文连接为：<A href="http://www.sohtanaka.com/web-design/css-overflow-property-quick-tip/">http://www.sohtanaka.com/web-design/css-overflow-property-quick-tip/</A></P>\r\n<P>自己做的例子为：<A href="http://iamlze.cn/demo/correcting-orphans/ ">http://iamlze.cn/demo/correcting-orphans/ </A></P>\r\n<P>大家可以先看下他写的。下图为一个例子。 </P>\r\n<IMG src="http://iamlze.cn/data/images/201005301275150809.jpg" /> \r\n<P>显然这个并不是我们想要得到的效果，左边还有文字，并且是在右边的文字高度高于左边的图片是就会自动将多余的内容放到左图的下方。而我们想要的效果就是左边与右边独立开，左图右字。 </P>\r\n<P>他举得例子的html结构：</P><P><PRE>&lt;img src="your_image.jpg" class="thumb" /&gt;<br />&lt;div class="description"&gt;<br />    &lt;h3&gt;Heading 1&lt;/h3&gt;<br />    &lt;p&gt;Paragraph goes here...&lt;/p&gt;<br />    &lt;p&gt;Paragraph goes here...&lt;/p&gt;<br />&lt;/div&gt;</PRE><P>css:</P><PRE>.thumb {<br />    float: left;<br />    margin: 5px 20px 20px 0;<br />    padding: 5px;<br />    border: 1px solid #ccc;<br />    background: #f0f0f0;<br />}<br />.description {overflow: hidden;}<br /></PRE><P>而paperen在看了他的解决办法后觉得有点疑惑的是，要将右边的区块加上overflow: hidden;实在有点想不通，设置溢出为隐藏为什么就将本来跨到左边来的字乖乖地回到右边，嗯……实在想不明白其中的原理，这个要问写浏览器的那个程序员么……算了，就当是一个css技巧，记住吧。 </P>\r\n<P>不过有看他这篇文章评论的人会发觉其中有个叫webangel78人说“Unfortunately it does’t work in IE6.”哎……又是可恶的ie6。而之后sohtanaka又放出ie6下的解决办法。 </P><PRE>*html .description {float: left;}</PRE><P>换言之完整的css代码为：</P><PRE>.thumb {<br />    float: left;<br />    margin: 5px 20px 20px 0;<br />    padding: 5px;<br />    border: 1px solid #ccc;<br />    background: #f0f0f0;<br />}<br />.description {overflow: hidden;}\r\n*html .description {float: left;} </PRE><P><IMG src="http://iamlze.cn/data/images/201005301275151985.jpg" /> </P>\r\n<P>解决办法2：smashingmagazine网站已经有现成的结构，不过没有提到是如何实现的 </P>\r\n<P><IMG src="http://iamlze.cn/data/images/201005301275152110.jpg" /></P><P>好在paperen记忆力还算不错，记得这个网站也有使用到这种布局，所以又上这个网站研究一下，想看看他的实现是不是与sohtanaka说的一样。 </P>\r\n<P>使用firebug（Firefox浏览器的一个超BT的插件）或者opera中的开发者工具就可以研究所有网页甚至随意更改……所以才说BT。看到他的样式并不是如sohtanaka说的办法，嗯，又多了一种方法，多么兴奋，paperen又可以发表一篇文章了！真好……废话少说…… </P><P>html结构：</P><P><PRE>&lt;div class="container"&gt;<br /> &lt;div class="pic_thumb"&gt;<br />  &lt;img src="life.png" alt="" title="" /&gt;<br /> &lt;/div&gt;<br /> &lt;div class="entry"&gt;<br /> hello,i am paperen<br /> &lt;/div&gt;<br />&lt;/div&gt;<br /></PRE><P></P><P>css：</P><PRE>.container{<br /> width:500px;<br /> margin:5% auto;<br /> clear:both;<br /> height:auto;<br />}<br />.pic_thumb{<br /> float:left;<br /> padding:0px 10px 10px 10px;<br />}<br />.entry{<br /> line-height:1.7em;<br /> margin-left:162px;<br />}</PRE><P>对比于sohtanaka那个办法，这个办法兼容ie6，貌似也挺不错，而这个办法paperen倒是明白了，让左边包住图片的容器左浮动，从而理论上是脱离了整个container容器，而让装右边文字的容器离container的左距离刚好大于或等于左边pic_thumb的宽度，就行了。 </P>\r\n<P>不管怎样说，两个方法任选一个吧，都不错的，你自己看着办吧~~paperen个人喜欢第二种方法。</P>', 1, 1, 805, 1, 0, 0, 1275153315, 0),
(28, '关于网站打开速度那点事', 'about-the-speed', 4, '<P>最近paperen我主要是在做新的博客，当然也会与宿友们打打机，所谓好好利用剩下的大学时间嘛~~而新博客也差不多了，前台基本可以了，现在正在修理后台。而在重修程序与整改的过程中确实也会有不少收获与进步，比如站点的框架，还有站点的性能上。 </P>\r\n<P>而目前对于paperen而言，网站的性能主要是体现在站点打开速度上吧，固然这里说到的提升性能也只是程序上的方法，因为paperen对于服务器的配置真的接触得很少，什么图片与站点放在不同的服务器上，这种服务器上的部署paperen我就知道得很少了。所以如果您是想了解服务器方面提升站点性能知识的话，这篇东西应该就不是您所需的了，而此文章也不包括实际代码，或者以后会加上一些例子。 </P>\r\n<P>首先paperen我想问问各位对于网站速度慢有什么看法？一个打开非常慢的网站是不会受欢迎的，苛刻地形容，如果你的网站在3秒后才能打开浏览者可能在2秒的时候就会叉掉，或者在1秒的时候就会叉掉……每个浏览者都喜欢快感，你不要让他们等得太久，也不要期望他们会去等待3秒，哪怕是1秒，paperen现在的博客在宿舍的环境中（805Kbps，有几个人在玩网游，有一个人在看视频）打开首页需要5，6秒。额……paperen我也不知道会不会曾经有浏览者会因为这个而停止访问我的博客，不过5，6秒这个也确实有点慢了，所以计划在新博客中将速度提升一下或者弥补一下。我们要知道让浏览者等待一秒是什么概念，更不用说让他们再等待多一秒了。 </P>\r\n<P>1.减少与数据库交互的次数从而提升速度</P>\r\n<P>传说中打开一个html页面比打开一个动态页面要快，其实也不能说是传说，那是肯定的，对于服务器而言在处理动态页面时是比处理静态页面时多了某些操作的，例如会去编译并解析动态页面中的一些脚本，而这些脚本可能会连接到数据库并获取一些数据，而连接数据库并获取数据花费的时间很可能就是占了等待时间的一半，固然对于一些数据量较大的网站首选的提升性能减低服务器压力的办法就是有针对地生成静态页。 </P>\r\n<P>减少与数据库交互次数也不是说要为每个页面生成静态页，有时候伪静态也是挺不错的选择，所以有时候我们会用到缓存文件，对于缓存的定位就是放在程序与数据库之间，或者他就是数据库部分数据的克隆体。对于站点一些配置文件或者一些很基本的设置可以考虑生成其缓存文件，而在程序中直接将其引入便可以使用，从而能减少与数据库交互的次数。但是对于缓存我们还要考虑生成或更新的触发点，对于一些由后台（管理员）才能修改或者添加的操作可以使用主动更新，就是说缓存文件的更新动作发生在我们添加或者修改后，而如果是一些基本的数据（不知道怎形容了……）可以选择由浏览者触发，就是当浏览者访问页面的时候让程序判断某个缓存文件的时间是否超过我们所定义的缓存时间，是则更新缓存文件。 </P>\r\n<P>2.图片加载</P>\r\n<P>曾经在浏览某些多图片网站，特别是购物网站，图片加载会占了大部分带宽，虽然这并不属于程序的问题，但是不能忽略这个问题的存在，为什么我们要让第一次加载页面的时候就将这个页面所有图片都进行加载，能不能让浏览器决定加载什么图片，也就是延迟加载技术，你有注意paipai网的话就能明白这个技术真的太好了。下面这个链接是牛人们写的代码。</P><P><A href="http://www.cnblogs.com/cloudgamer/archive/2010/03/03/ImagesLazyLoad.html">http://www.cnblogs.com/cloudgamer/archive/2010/03/03/ImagesLazyLoad.html</A></P><P>其次是页面样式中调用的图片，对于一些基本的图片元素可以考虑全部放在一张图片中，从而减少加载图片的次数与流量。这样说吧，如果你页面有三个图标</P>\r\n<P><IMG src="http://iamlze.cn/data/images/201006111276222856.jpg" /></P>\r\n<P>你将其做成三张图片，然后分别加载，这样占用的流量是这三张图片的大小加起来，但是如果你将三个图标放到一张图片中的话加载的话只是这张图片的大小，对于小量图标的时候确实是看不出问题所在，但是在图标多了之后就明显感觉到将图标都放在一张图片的好处了，我们可以使用背景的位置对图标进行分割显示（background-position）。</P><P>大家不妨看看这个（有啊的图片）<A href="http://co.youa.baidu.com/picture/r/mall/hp090617/images/sprites_hp.png">http://co.youa.baidu.com/picture/r/mall/hp090617/images/sprites_hp.png</A></P><P>3.页面分块显示技术</P><P>如果你的首页真的是需要查询比较多的数据，那么最好让你的页面能够分块显示，比较形象地形容这种技术就像我们宿舍那天到某饭馆吃饭一样，他们老是一个一个菜轮流上的，而不是一次上完……你让浏览者等了一段时间才会看到页面还不如让他们先看到部分页面，这样就能“钓着他们”了并不会让他们觉得你的网站出现了问题而让他白等。 </P>\r\n<P>4.模板语言的选用</P>\r\n<P>有没有使用模板语言，例如smarty，paperen觉得这个要根据你项目具体考虑了而不是都要用到，例如paperen这个博客，就觉得没有太多必要使用了，因为都是paperen设计页面与编写代码的，所以就没必要分得太细了，而且可能还会影响到速度，所以对于模板语言的使用大家还是有必要斟酌一下。 </P>\r\n<P>而关于更多web开发的高性能大家可以看看这里，“巨人们”都有很多这方面的方法与资料了。能站在巨人的肩膀上真是好啊~~ </P>\r\n<P><A href="http://www.cnblogs.com/BearsTaR/archive/2010/05/12/web_performance.html">http://www.cnblogs.com/BearsTaR/archive/2010/05/12/web_performance.html</A></P>', 1, 1, 1373, 2, 0, 0, 1276224010, 0);
INSERT INTO `post` (`id`, `title`, `urltitle`, `categoryid`, `content`, `authorid`, `ispublic`, `click`, `good`, `bad`, `savetime`, `posttime`, `isdraft`) VALUES
(29, '多少', 'howmuch', 1, '<p>“用多少天用多少年的跌跌撞撞才找到終點”，越成長就越喜歡陳奕迅的歌，發覺每首歌都好好聽。沖涼時唱一個，等公交時哼一段，睡覺前聽一首~~</p><p>不知道不覺得又一年了，時間就是這麼快，畢業已經半年了，還是不時地想念宿舍的弟兄們，paperen想他們大概也變了，跟大學的朋友交流也越來越少了，偶爾在綫上聊幾句，一開始還有給部分人發短信報告一下自己的生活，電話一開始也有打過，但是漸漸的就少了，paperen不知道能不能用越來越陌生來形容，但是在paperen認為不至於陌生，因為再碰到他們的時候可能不如大學的那樣青春了那樣單純了，但是在paperen腦中他們還是我在大學認識的他們，而paperen還是他們在大學認識的paperen……</p><p>冬至到底是什麼一個節日，聖誕節，元旦，paperen對節日沒什麼感覺，只對放假敏感…聖誕節夜晚的街上應該挺美的，假的聖誕樹，繽紛的燈泡，但對於paperen來說也就是一轉眼過去的東西。晚上回蝸搭的差不多都是末班車，一直喜歡坐在最後的位置，靠著窗，有時後會對著車窗發呆有時候會在做手指操…而看著外面不斷後退的街道與途人，還是能清晰地告訴我“這裡是深圳，這個是繁華的城市”。</p><p>看到過有著華麗外表的住宅樓，看到過連牌子名字都說不出來的名車，但也不時看到街上撿垃圾的乞丐，在車上經常遇到一身泥土的農民工…大城市就是能看到如此極端的生活方式，看上去所有人都是活的踏踏實實的。我們貌似從來不會問社會對自己的待遇到底公不公平，但站在高處的他們應該總是看不起站在低處的他們吧，但paperen從來就沒有鄙視過農民工這種處於社會底層的勞動人們，如果沒有他們的勞動也就是沒有今天城市的一切~any way，我是一個知足的人，或者大家都是，也或者公平並不是我們想要的。</p><p>“用多少天用多少年的跌跌撞撞才找到終點”，終點這個詞其實是很模糊的，paperen說不出什麼才叫終點，但paperen正因為這種模糊才覺得有味道。</p><p>paperen漸漸喜歡上用繁體字，雖然不會寫…但是看著確實挺好看的，特別是14px的。</p><p>這個是《多少》的視頻，不想看的就不要點了… <a href="http://v.youku.com/v_show/id_XMTI4ODQ5NTI0.html" target="_blank">http://v.youku.com/v_show/id_XMTI4ODQ5NTI0.html</a></p>', 1, 1, 571, 0, 0, 0, 1293065771, 0),
(30, 'IDE中你最喜爱的字体是哪个', 'font-of-IDE', 4, '<p>理论上说这是一篇提高我们写代码时的幸福感的文章，you know~paperen也对这个捣腾了许久，好的IDE是会让你写起代码来更加顺手，而当你找到了你喜爱的IDE后是否有想过将代码的字体也改得更好看更舒服一点，那敲起代码来就更舒服了，对眼睛也更好一点，you know有一句话是没错的“代码如诗”……</p><p>当然啦，这个话题是无关任何语言平台的，关乎的只是代码的外表美，嗯~确实比较肤浅……you see，paperen目前习惯使用的IDE是netbean+dreamweaver，前者写php代码后者写css与js，一直都习惯这样做的了，paperen很喜欢netbean但是代码的字体总不是那么好看……相对于dreamweaver而言，在dreamweaver中如果你的文件编码是utf8的话它默认使用的字体是Courier New的，如果你的编码是gbk/gb2312的话那么默认的字体就是宋体，但是paperen倒是觉得宋体下的英文难看了。</p><p>下面先放出一个paperen测试过程中试用的字体，你可以在里面选择你觉得顺眼的对比对比。paperen目前的首选字体是Courier New 15号的，而dw中也是Courier New 12pt，感觉雅黑怎不太好看呢，有点失望，难道是paperen的雅黑字体是盗版的……</p><p><a href="http://iamlze.cn/demo/IDE-font/" target="_blank">http://iamlze.cn/demo/IDE-font/</a></p><p>Dw中utf-8是默认使用Courier New的</p><p><img src="http://iamlze.cn//data/images/20110121084638.jpg" /></p><p>而如果是中文编码的话就是宋体</p><p><img src="http://iamlze.cn//data/images/20110121084749.jpg" /></p><p>但当然你可以按下ctrl+U对字体进行设置，不用宋体</p><p><img src="http://iamlze.cn//data/images/20110121085032.jpg" /></p><p>而对于netbean下的字体调整在“工具”中的“选项”，字体设置中会有</p><p><img src="http://iamlze.cn//data/images/20110121085250.jpg" /></p><p>但将缺省的字体设置为Courier New后中文会变成乱码~</p><p><img src="http://iamlze.cn//data/images/20110121085633.jpg" /></p><p>paperen的解决方法是为字符串与字符的字体加上Monospaced也就是netbean默认的字体，这种字体也可以显示中英文，但是paperen觉得这种字体的英文就是不如Courier New好看，但另一个问题又出现了就是html代码中的中文变成乱码了……而这个设置就需要进一步设置了，针对其他语言的字体设置一下。例如HTML</p><p><img src="http://iamlze.cn//data/images/20110121091659.jpg" /></p><p>对html的文本使用Monospaced就好了，但如果html的中文字符还是乱码的话试试将所有语言的缺省调回Monospaced然后确定然后再次设置缺省为Courier New应该就可以了，如果还是不行自己再捣腾一下看看，实在不行就将缺省设置为Monospaced然后将php或者你所从事的语言代码字体设置为你喜欢的字体，大不了花点时间而已，为了代码看着不那么刺眼也值得。</p>', 1, 1, 954, 0, 0, 0, 1295574360, 0),
(31, '[转载] 网页的栅格系统设计', 'grid_systems', 5, '<p>先声明一下，这篇文章转载至TaobaoUED博客，还是一篇很旧的文章，但旧不要紧paperen觉得值得分享所以就转载了。原文url <a href="http://ued.taobao.com/blog/2008/09/17/grid_systems/" target="_blank">http://ued.taobao.com/blog/2008/09/17/grid_systems/</a> &nbsp;或者你还没有了解过栅格这个名词，但不要紧通过这篇文章你就能了解到栅格在web设计上的应用，好文章值得转，好技能值得你拥有，so，paperen决定转载这篇文章，第一次转载（paperen连图片也截下来了）。</p><p><img src="http://iamlze.cn//data/images/20110125094921.png" /></p><p>栅格系统的形成<br /></p>1692年，新登基的法国国王路易十四感到法国的印刷水平强差人意，因此命令成立一个管理印刷的皇家特别委员会。他们的首要任务是设计出科学的、合理的， 重视功能性的新字体。委员会由数学家尼古拉斯加宗（Nicolas Jaugeon）担任领导，他们以罗马体为基础，采用方格为设计依据，每个字体方格分为64个基本方各单位，每个方各单位再分成36个小格，这样，一个印 刷版面就有 2304个小格组成，在这个严谨的几何网格网络中设计字体的形状，版面的编排，试验传达功能的效能，这是是世界上最早对字体和版面进行科学实验的活动，也 是栅格系统最早的雏形。<br /><br />栅格系统英文为“grid systems”，也有人翻译为“网格系统”，其实是一回事。不过从定义上说，栅格更为准确些，从维基百科查到栅格的定义为：<a href="http://zh.wikipedia.org/w/index.php?title=%E6%A0%85%E6%A0%BC%E8%AE%BE%E8%AE%A1&amp;variant=zh-cn" target="_blank">栅格设计系统（又称网格设计系统、标准尺寸系统、程序版面设计、瑞士平面设计风格、国际主义平面设计风格），是一种平面设计的方法与风格。运用固定的格子设计版面布局，其风格工整简洁，在二战后大受欢迎，已成为今日出版物设计的主流风格之一</a>。<br /><br />网页设计中的栅格系统 <br />我给网页栅格系统下的定义为：以规则的网格阵列来指导和规范网页中的版面布局以及信息分布。<br /><p>网页栅格系统是从平面栅格系统中发展而来。对于网页设计来说，栅格系统的使用，不仅可以让网页的信息呈现更加美观易读，更具可用性。而且，对于前端开发来说，网页将更加的灵活与规范。</p><p><img src="http://iamlze.cn//data/images/20110125095001.png" /></p><p><img src="http://iamlze.cn//data/images/20110125095039.png" /></p><p>栅格系统在现在的网页设计中应用越来越多，从网络上搜罗了一篇关于栅格系统应用的文章：<a href="http://article.yeeyan.org/view/snlchina/3570" target="_blank">30个最顶尖的基于栅格系统的博客网站设计</a>。<br /><br />栅格系统的设计原理及应用<br />那么如何设计一个栅格系统？接下来我们将通过实例，详细的介绍一下网页栅格系统的原理与应用：<br /></p><p><img src="http://iamlze.cn//data/images/20110125095110.png" /></p><p>在网页设计中，我们把宽度为“W”的页面分割成n个网格单元“a”，每个单元与单元之间的间隙设为“i”,此时我们把“a+i”定义“A”。他们之间的关系如下：<br />W =（a×n）+（n-1）i<br />由于a+i=A，<br />可得：(A×n) – i = W<br />这个公式表述了网页的布局与网页“背后”的栅格系统之间的某种关系。我们拿yahoo作例，来看一下栅格系统的应用：<br /></p><p><img src="http://iamlze.cn//data/images/20110125095140.png" /></p><p>yahoo的网站页面宽度为W=950px，每个区块与区块的间隔为i=10px；如果应用上面的公式，可以推出A=40px，既yahoo首页横向版式设计采用的栅格系统为：<br />（40×n）- 10 = W<br />下面我们列出当n等于不同数值时W变化的数值表格 ：<br /></p><p><img src="http://iamlze.cn//data/images/20110125095205.png" /></p><p>从表格可以看出：yahoo首页的布局完全是按照栅格系统进行设计的，每个区块的宽度对应的n值分别为：4，11，9。在这里我们看到一个很有意思 的事情：只要保证一个横向维度的各个区块的n值相加等于24，则即可保证页面的宽度一定是950px。然而，950px的宽度也恰好就是当n=24的时 候，W的宽度值。由此我们得出以下的应用模式：</p><p><img src="http://iamlze.cn//data/images/20110125095245.png" /></p><p>在栅格系统中，设计师根据需要制定不同的版式或者划分区块，他们的依据将是上面的那张对应表进行设计。这样，一个栅格系统的应用就从此开始了。我们 看到，使用栅格系统的网页设计，非常的有条理性；看上去也很舒服。最重要的是，它给整个网站的页面结构定义了一个标准。对于视觉设计师来说，他们不用再为 设计一个网站每个页面都要想一个宽度或高度而烦恼了。对于前端开发工程师来说，页面的布局设计将完全是规范的和可重用的，这将大大节约了开发成本。对于内 容编辑或广告销售来说，所有的广告都是规则的，通用的，他们再也不用做出一套N张不同尺寸的广告图了……<br /><br />当然只要你愿意，我们可以衍生出任何一种栅格系统，只要改变A和i的值，这个根据网站的实际情况来制定。那么如何选择合适栅格系统，主要通过“构成 要素与程序、限制与选择、构成要素的比例、组合、虚空间与组合、四边联系与轴的联系、三的法则、圆与构成、水平构成这些设计元素规划，来实现比例和谐的平 面设计”。比较深奥，我们在这里就不详细阐述了。<br /><br />呵呵，说了一堆栅格系统的优点。大家可能会问：难道栅格系统真的是完美的么？答案是否定的：对于内容信息不确定导致高度不确定的页面，在高度层面上就无法做到栅格了。当然，具体的情况还需具体的分析与解决，这就需要设计师们在实际的应用中不断的总结经验，不断实践了。<br /></p><p>原文 <a href="http://ued.taobao.com/blog/2008/09/17/grid_systems/" target="_blank">http://ued.taobao.com/blog/2008/09/17/grid_systems/</a></p>', 1, 1, 660, 0, 0, 0, 1295922124, 0),
(32, '还是JS图片gallery', 'js-pic-gallery', 3, '<p>看到标题你都明白这次又是说啥了，还是JS图片展览的效果，but，这次同时附上<a href="http://www.psytopic.com/mag/" target="_blank"> psytopic.com</a> 里面的那个gallery（准确点来说是盗窃回来的），paperen弄来他们的js，css，同时搜索了关于lightory这个信息，准确点来说是个开发者（根据css文件开头的备注找到了这个线索），paperen当然也不确定是不是这个lightory（t.sina.com.cn/lightory），但可以肯定而且令我惊讶的是微博这位又是一个90后的杰出开发者（又让paperen觉得中国的IT未来一片光明，我们需要的只是创新而已），访问了<a href="http://lightory.net/" target="_blank"> 他的blog</a> 与摆摆书架（<a href="http://bookfor.us/" target="_blank">http://bookfor.us/</a>）paperen喜欢这样的UI，摆摆书架的玩法大家也可以了解下，挺有意思的。</p><p>多余的东西就到此为止了，说得有点多了……好吧，一开始就来个DEMO给大家看看（psytopic.com的那个）。</p><p><img src="http://iamlze.cn//data/images/20110326212041.jpg" width="550" /></p><p><a href="http://iamlze.cn/demo/js-gallery/psy/" target="_blank">DEMO is here</a></p><p>这就是原版本的效果，觉得有些单调？可以访问，但老实说paperen就是喜欢这种简约的风格，paperen不倾向于那种华丽的色彩浓重的风格，大家不妨可以去psytopic的主站看看这个gallery与整个布局配合的效果，真的给人一种很舒服的感觉。因为并没有询问过psy网站就将它这个gallery拿下来，所以大家千万不要用浏览器查看这个demo的 style.css 文件与 script.js 文件啊~~~更不要将他们复制下来啊~~记住了，不要……</p><p>先不说代码是如何实现的，因为代码不是重要的，设计思想才是重要的。</p><p>总体上说，它这个是将所有的html结构都放出来的，就是说第一个图片展示与第二个，第三个的html结构都是一开始放出来的，只是使用了css对不“高亮”，不是当前的那些进行了隐藏。具体可以查看hilighted与displayNone这两个css，那么事情就变简单了，定时器执行一个操作：将下一个画廊主体的class去掉displayNone并加上hilighted，将现在是hilighted的画廊主体去掉其hilighted加上displayNone，ok！就是这么简单。so do it！</p><pre>function slideForward() {<br />    var a = $(".hilighted").attr("id");<br />    if (a) {<br />        var b = new Array();<br />        b = a.split("_");<br />        if (b[1] == panelTotal) {<br />            $(".hilighted").removeClass("hilighted").addClass("displayNone");<br />            $("#div_1").removeClass("displayNone").addClass("hilighted")<br />        } else {<br />            $(".hilighted").removeClass("hilighted").addClass("displayNone").next("li").removeClass("displayNone").addClass("hilighted")<br />        }<br />    }<br />};<br /></pre><p>slideForward函数，正如paperen上面说的思路，你可以分析一下这里的意思了。</p><pre>step1：获取当前“高亮”的画廊ID<br />step2：判断是否到达上限了<br />step3：<br />如果是到达上限了，第一个画廊被高亮，去除当前画廊主体的高亮并加上displayNone。<br />如果没到达上限则下一个画廊主体则去除displayNone并加上高亮，当前高亮的去掉高亮并加上displayNone<br /></pre><p>这里需要了解的是使用了画廊主题的ID来获取当前展示到第几个，div_1，div_2，div_3……用下划线来分割1，2，3……就能知道当前哪个高亮了，还有使用next，指代到一下个画廊主体，真的很简练。</p><p>至于那些翻页，暂停，播放的功能就更容易明白了。</p><pre>$(".turnleft").click(function () {<br />    var a = $(".hilighted").attr("id");<br />    var b = new Array();<br />    b = a.split("_");<br />    if (b[1] == 1) {<br />        $(".hilighted").removeClass("hilighted").addClass("displayNone");<br />        $("#div_" + panelTotal).removeClass("displayNone").addClass("hilighted")<br />    } else {<br />        $(".hilighted").removeClass("hilighted").addClass("displayNone").prev("li").removeClass("displayNone").addClass("hilighted")<br />    }<br />});<br />$(".turnright").click(function () {<br />    slideForward()<br />});<br />$(".player").click(function () {<br />    if ($(this).hasClass("stop")) {<br />        clearTimeout(timer);<br />        $(".stop").removeClass("stop").addClass("play");<br />        $("em").html("play")<br />    } else {<br />        setTimeout("slideFeature()", interval);<br />        $(".play").removeClass("play").addClass("stop");<br />        $("em").html("stop")<br />    }<br />});<br /></pre><p>这里要解析一下的是当目前player元素的class是stop时，则代表要停止自动播放功能，在代码上就是使用clearTimeout对定时器的ID，这里就是timer这个全局变量，相反是播放时重新设置定时器好了。原来的代码计时是写死了的，也就是说写固定了setTimeout("slideFeature()", 10000);paperen则将它抽出来放到一个全局变量里面，那么需要加长间隔或缩短间隔只需要修改interval这个变量即可。</p><p>而paperen也按照这种风格做了一个，跟它这个不同的是paperen一开始没有将所有画廊都输出到html中，而是调用js将相应数据装载到html结构里面。</p><p><img src="http://iamlze.cn//data/images/20110326212113.jpg" width="550" /></p><p><a href="http://iamlze.cn/demo/js-gallery/my/" target="_blank">DEMO is here！</a></p><p>所有代码都可以自己查看源代码获得，paperen想你应该知道什么意思的。</p><p>主要是调用到my_gallery这个函数，而gallery_action只是作为那些API（翻页，暂停，播放）的一个“驱动”程序或者可以这样形容吧，paperen这个的缺点可能是体现在预载上，因为在网速慢的情况下出现的情况是跳到下一张时图片仍在加载，并不会预先将所有图片加载好，在第一轮加载完毕之后就顺畅了。而好处是html结构倒是没那么长了~~你当然可以发挥你的想象力或者自己动手弄一个属于你自己的版本吧，其实代码的事情并没有你想象中那么难，try it and do it，you will make it！</p><p>哦~~当然上面所有代码都是基于jquery驱动的。</p><p><br /></p>', 1, 1, 503, 0, 0, 0, 1301144964, 0),
(33, 'Just For Fun', 'just-for-fun', 2, '<p>话说很久很久以前有个人，他的名字叫paperen，他一直想弄一个聊天工具……而又在同时他不知不觉间步入了WEB的领域，但他依然想弄个聊天工具……于是直到这篇Just For Fun的面世……</p><p>一个很囧的引子……其实呢，paperen我在毕业之前就弄了一个，那时打算将它作为毕设的，但结果用了那时在诺网期间那个IP屏蔽的东西作为自己的毕设~~这次再弄了一个，纯属是弄着玩而已，不过也花了些少功夫，代码架构上就一般般，并没有太多面向对象的味道，其实一开始是想发表一个关于在线的东东，结果弄着弄着就加上了聊天对话的东西……下面放出DEMO与RAR包的地址（如果你想做得更好，paperen可以说我这个还远远不够~~但这并不影响你去实现你想实现的更cool的东西）：</p><p>DEMO <a href="http://iamlze.cn/demo/just-for-fun/">iamlze.cn/demo/just-for-fun/</a></p><p>RAR打包 <a href="http://iamlze.cn/demo/just-for-fun/just-for-fun.rar">iamlze.cn/demo/just-for-fun/just-for-fun.rar</a></p><p><img src="http://iamlze.cn/data/images/20110420205051.jpg" /></p><p>关于聊天与在线记录paperen我是用了sqlite数据库（其实就是一个文件，类似access数据库），好在空间的php有相应的支持。</p><p>paperen在此并有打算说任何关于代码的东西~~因为那个不是最重要的，没有思路即使你懂所有php的内置函数也没有用，paperen只想提提其中的思路而已。</p><p>First！从在线开始，问下自己到底web应用是如何判断用户在线或者不在线的？</p><p>目前的WEB应用（可以认为就是网站）都是一种请求-响应的模式，浏览器为你向网站服务器发出请求，服务器找到文件并解析完将一大堆文本送回给浏览器，浏览器进而去解析这些文本，最后呈现给用户看。可以看到浏览器不是总与服务器存在交流的，正如服务端响应完毕这个过程就已经完毕，换言之，判断用户是否在线的唯一线索在：用户在第一次请求后会否向服务器做出第二次，第三次请求……第N次，是否可以这样认为，如果在一定时间范围内用户不再次请求的话就被当作是不在线了，即使你仍停留在该网站的某个页面上，这种方法貌似有点说不过去，因为理论上我不在线应该是我离开了你的网站或者关闭了浏览器（相对于如果浏览器仍显示着该网站页面但因为不继续与服务器响应就被当作不在线的这种情况而言），是的，这不是绝对上的在线/不在线的判断方法，但基于这种主从式的模式，这确实只能这样做（至少paperen也是这么认为的），服务端不能主动地与之前向自身发出请求的客户端进行联系，所以也就不能主动地判断客户端的在线情况，只有使用时间来判断用户是否在线。</p><p>每次用户刷新页面或者点击网站上的链接，都会导致浏览器发出一次请求，而就在这次请求中更新该用户的时间就可以了，我们将2分钟作为判断在线/不在线的依据，每次用户请求时将当前时间记录下来，那么过了5分钟后再获得当前时间。</p><p>那么想知道谁在线就就将当前时间分别减去曾经记录的用户时间，若结果大于2分钟代表该用户离线，等于或小于表示在线，一般来说这个名词可以叫lastactivity。</p><p>如果你要求实时性很强的话而且又不想定时刷新整个页面就使用AJAX咯。</p><p>Second！其实聊天也是同样道理，因为是主从式的，所以也要隔一定时间向服务器发出请求并获取消息，而不是想象中的直接与聊天方通讯。</p><p>发觉还真没什么可以解析的，要解析的都在代码里面了。好吧，最后总结一下sync.php与msg.php的代码思路算了。</p><pre>/* <br /> * sync.php<br /> * 同步在线状态<br /> *<br /> * 引入配置文件<br /> * 获取动作参数与当前用户ID<br /> * 如果存在uid<br /> *      初始化数据库链接<br /> *      如果是更新用户活动时间<br /> *          有过往记录更新时间<br /> *          没有插入记录<br /> *      删除过时记录<br /> *      获取在线用户信息<br /> * <br /> */<br /></pre><pre>/*<br /> * msg.php<br /> * 消息<br /> *<br /> * 引入配置文件<br /> * 获取动作参数与当前用户ID<br /> * 如果是消息发送动作<br /> *      单纯的处理数据并插入<br /> * 如果是获取消息动作<br /> *      删除过期消息<br /> *      获取关于用户的对话信息<br /> *<br /> */<br /></pre><p>在代码里面也有在头部写上这些思路的，或者这也算是一个好习惯，不妨在自己写代码过程中也这样做试试。啊，对了，这个小DEMO让paperen发现原来自己一直以来都搞错了一个单词perfix应该是prefix才对……囧rz。</p><p>So far so good，希望你喜欢这个Just-For-Fun，能让你也想玩两手。</p>', 1, 1, 582, 1, 0, 0, 1303391960, 0),
(34, 'js碰撞游戏一枚', 'js-collision-game', 3, '<p>一直都觉得javascript可以玩得很cool。所以终于尝试了使用js来写了一个小游戏，界面上其实也没什么特色~~普普通通吧，paperen将这个游戏取名为（untouchable）不可触及，游戏规则其实很简单，不要让那个按钮与那些飞来飞去的小球发生碰撞，看你能熬到多少秒。</p><p><img src="http://iamlze.cn/data/images/20110521142514.png" width="555" /></p><p>&nbsp;untouchable游戏地址\r\n&nbsp;<a href="http://iamlze.cn/demo/collision/" target="_blank">http://iamlze.cn/demo/collision/</a></p><p>关于游戏说明在这个地址都会有的啦，很简单自己玩下就了解了。而这个游戏的源代码全部都在页面上了，自己查看源代码就有了，所以可以说javascript与css都是开源的~~</p><p>关于这个游戏的js代码，paperen实在不能解析太多，什么都在代码中了，有兴趣的人一看就明白了，在这里就说一下paperen在写js过程中一些思路的东西吧。</p><p>1.整个游戏明显是有两种对象存在的，弹来弹去的小球（单选框radio）与那个带有郁闷表情的控制块（按钮button |-_-|）所以我分别写了两个类ball与block。而各自都有自己一些方法与参数，现在想想貌似可以将它们之间的一些公共特性抽出来作为一个类的，而ball与block可以去继承这个父类~~</p><p>2.关于小球的反弹效果，可以看一下ball中的Run与changeDirection方法。</p><p>paperen将北，东北，东，东南，南，南西，西，西北用了1，2，3，4，5，6，7，8表示。</p><p>changeDirection的第一个参数是代表x轴上的方向，第二个参数是y轴的方向，(-1,0)代表将向x轴的0方向运动，(1,0)将向x轴的无穷方向运动，(0,-1)代表将向y轴的0方向运动，(0,1)代表将向y轴的无穷方向运动。</p><p>之后就是一开始定义的速度根绝方向对小球的left与top进行调整了，setPosition方法。可能这里paperen搞得比较繁琐……</p><p>3.关于控制块的跟踪鼠标行为其实是绑定了一个事件</p><pre>if ( IE ) {<br />	document.onmousemove = control_block;<br />} else {<br />	EventUtil.addListener( window, "mousemove", control_block );<br />}<br /></pre><p>当触发mouseover的时候就会执行control_block，具体如何获得鼠标的x与y具体看 control_block吧，\r\n&nbsp;记得要减去游戏区域的x，y与控制块的宽度/2，高度/2（因为要让鼠标处于控制块的中心位置）<br /></p><p>4.使用魔法效果（隐身），其实一开始是创建了两个控制块。</p><pre>//向区域加入控制块<br />tmp = new block();<br />block_instance.push( tmp.create(1).initPosition() );<br />tmp = new block();<br />block_instance.push( tmp.create(2).iMagic().initPosition() );<br /></pre><p>注意第二个控制块使用create后又调用了iMagic的方法，来声明这是魔法块。给控制块绑定click事件（在create的时候）useMagic，那么点击的时候就会触发useMagic了，请留意一下useMagic，paperen是使用了三个参数1，0，-1分别代表启动魔法效果，0代表魔法效果执行中，-1代表魔法效果使用完毕。一开始定义魔法效果为4秒，所以要在倒数两秒时给玩家一些提示，提示魔法效果将会结束，于是就是调用 useMagic(0)这个函数了 。</p><pre>//提示取消魔法效果<br />if ( magicTimer &gt;= 2000 ) {<br />	//取消魔法效果<br />	useMagic(-1);<br />} else {<br />	for( i=0; i<block_instance.length; i++="" )="" {<br="">		if ( block_instance[i].magic ) {<br />			if ( magicTimer % 200 == 0 ) {<br />				document.getElementById( block_instance[i].id ).style.display = "block";<br />				block_instance[i].setFace( block_faces[0] );<br />			} else {<br />				document.getElementById( block_instance[i].id ).style.display = "none";<br />				block_instance[i].setFace( block_faces[3] );<br />			}<br />		} else {<br />			document.getElementById( block_instance[i].id ).style.display = ( magicTimer % 200 == 0 ) ? "none" : "block";<br />		}<br />	}<br />	magicTimer += 100;<br />	setTimeout("useMagic(0)", 100);<br />}<br /><br /></pre><p>一进来就判断魔法计数器是否超过2秒了，如果是直接就代表魔法使用完毕了，每200毫秒改变一下控制块的样式，并让统计器加100再定时执行自身。</p><p>5.检查碰撞check_collision，就是定时执行这个函数，思路其实也很简单，就是循环检查小球的当前位置是否落在控制块的面积区域内，有则定义为发生碰撞。</p><pre>//判断是否碰撞<br />function check_collision() {<br />	if ( block_instance.length  &lt;= 0 || gameOver || block_magic_state ) return false;<br />	block = block_instance[0];<br />	for( i=0; i<ball_num; i++="" )="" {<br="">		tmp = ball_instance[i];<br />		if ( tmp.x + tmp.width &gt; block.x &amp;&amp; tmp.x &lt; block.x + block.width &amp;&amp; tmp.y + tmp.height &gt; block.y &amp;&amp; tmp.y &lt; block.y + block.height ) {<br />			//碰撞了<br />			block.setFace( block_faces[1] );<br />			Over();<br />			return false;<br />		}<br />	}<br />}<br /></pre><p>6.所有的东西动离不开定时执行，setTimeout与setInterval，请弄明白这两个函数的区别才能让你更好地使用它们，前者只会到达定时时执行一次指定的动作之后就没有了，后者则会到达定时就执行一次动作后再重新计时。</p><p>7.最后记录分数当然使用了XML Http这个对象来将分数异步传递给一个php页面进行记录，又再次使用了轻量级的数据库sqlite。</p><p>8.paperen对IE下的一卡一卡的现象还是不能了解清楚（有高手在的话能不能给paperen点提示），肯定与自己的代码有关，可能会比较耗资源，要改善的东西还是很多而且还有更多玩法（让控制块一定时间变大……让小球一定时间变大……让小球一定时间跟踪控制块……有些很Bt的想法，哈哈），当然可能存在不少BUG……希望大家提出~~</p><p>9.希望大家喜欢这个游戏，老实说paperen最高记录只能顶到67.4秒，上个图为证，不要说paperen作弊（发誓不是ps的！发誓不是改了某个参数的！）……希望你们也不要作弊……</p><p><img src="http://iamlze.cn/data/images/20110521150745.jpg" width="555" /></p><p>好吧，最后在此顺便也提一提前段时间的google banner那个动画效果，新浪微博说竟然有人说是css做的，而且博猪还是拥有较多粉丝的，所以可能有不少人被误导了，不知道有多少人去看过源码，凡是有web开发经验的人第一时间都不会觉得是使用css做的，因为css除了使用explosion可以起到一些脚本作用外，它主要是用来渲染与布局页面的，根本不存在这种动态改变DOM（文档结构与元素）的能力。下面是paperen扒了那天的动画再放上来分享的地址，google是有将js进行压缩的，故paperen也使用<a href="http://jsbeautifier.org/" target="_blank">jsbeautifier</a>这个在线工具进行还原了（更适合人类看代码了）</p><p><a href="http://iamlze.cn/demo/google-banner/" target="_blank">http://iamlze.cn/demo/google-banner/</a></p><p>不妨看看源代码</p><pre>l = function () {<br />	var a = d[f],<br />		c = document.getElementById("hplogo");<br />	if (c &amp;&amp; a[0]) {<br />		var b = document.createElement("div");<br />		b.id = "hplogo" + f;<br />		b.style.left = a[0] + "px";<br />		b.style.top = a[1] + "px";<br />		b.style.width = a[2] + "px";<br />		b.style.height = a[3] + "px";<br />		b.style.background = "url(graham11-hp-sprite.png) no-repeat " + -g + "px " + -h + "px";<br />		b.onmousedown = k;<br />		a[3] &gt; i &amp;&amp; (i = a[3]);<br />		a[4] ? (g = 0, h += i, i = 0) : g += a[2];<br />		c.appendChild(b);<br />		++f;<br />		f &lt; e &amp;&amp; (j = window.setTimeout(l, 83))<br />	}<br />},<br />m = function () {<br />	google.doodle.a = !1;<br />	i = h = g = f = 0;<br />	j != -1 &amp;&amp; (window.clearTimeout(j), j = -1);<br />	for (var a = 0; a &lt; e; ++a) {<br />		var c = document.getElementById("hplogo" + a);<br />		c &amp;&amp; c.parentNode &amp;&amp; c.parentNode.removeChild(c)<br />	}<br />	j = window.setTimeout(l, 83)<br />};<br /><br /></pre><p>最关键的就是这个l（google对变量也进行了简化压缩），或者你可以将它当为是播放的执行(play)，就像是flash播放到某一帧，当然还有一个关键就是d这个很长长的数据~~paperen在此就不放出来了，例如：[69, 0, 164, 139, 1]，69代表了要将创建的div元素的x为相对hplogo元素的69px位置，0代表将div元素的y为相对hplogo的0px位置，164代表div的宽度，139代表高度，背景图片为&nbsp;\r\ngraham11-hp-sprite.png并且将图片定位到-g，-h的位置（CSS Split技巧）。而注意以下两行代码，很精炼<br /></p><pre>a[3] &gt; i &amp;&amp; (i = a[3]);<br />a[4] ? (g = 0, h += i, i = 0) : g += a[2];<br /></pre><p>就是对背景定位进行的控制，如果数组第三个位置大于i即记录此时的高度，如果数组第四个位置存在值且大于0，背景图片x坐标回零，高度加上现在的i，否则x坐标加上当前宽度。</p><p>在整个过程都使用了js不断往hplogo元素里面插入子元素，直到到达d数组的最大长度。</p><p>请结合firebug或者opera的dragon fly等页面调试工具进行分析，关于那张图片 <a href="http://iamlze.cn/demo/google-banner/graham11-hp-sprite.png" target="_blank">http://iamlze.cn/demo/google-banner/graham11-hp-sprite.png</a> 可能你会更明白一点。</p><p>paperen认为主要功夫是放在这张图片上的，代码花的时间可能不到半个小时~~怎都好，希望你能喜欢javascript，因为它真的可以玩得很cool~~</p>', 1, 1, 545, 0, 1, 0, 1305964152, 0),
(35, '{生活:工作}', 'i-feel-tire', 1, '<p>若不是opera的快速拨号里面有自己博客的一张图片，paperen我都不会想到该来写点东西。最近一下了班就什么都不想做，感觉真的很累，也渐渐地失去了激情~~或者自己早已经预料会有这么一天的到来，但还是觉得来得有点早，还以为能坚持下去，但是发觉越来越难~~</p><p>也或许出来社会就是这样，在生命结束的那一刻才会有一种成就感才能对自己的一生做出评价，而之前的日子就像在长跑，可能是每天每夜地在同一个地方绕圈也可能是不断向前迈进。但很多时候我们也会感觉到迷茫，消极，看到成功的人如何如何，很多时候会觉得对那种长跑感到厌倦。大家老是说“成功没有捷径，惟有勤奋而已”，虽然感觉这是一句勉励自己的话，但有时候却觉得这是一句傻子才会说的话。人有时候也总是会表现出消极的一面，却不总是一件坏事。</p><p>paperen你是在自我安慰吗？是的，我是在自我修复这种疲倦，但这种方法越来越不奏效。</p><p>很多时候自己能感觉到时间正在流逝，但是却不知道能做些什么让逝去的时间变得丰富多彩，变得不单调。paperen我害怕别人问我一天是怎样渡过的，因为根本没有什么事情值得说的。累，确实是体现在心灵上~\r\n&nbsp;</p><p>有个同事问我为什么这么积极？我真的想告诉他我的积极是假的，但是又不得不承认自己对工作是感兴趣的，只是兴趣越来越少了。看看自己的死党们，他们过得也不错，但有的貌似比我还辛苦。看看每天公交上的乘客，有的穿得很光鲜，有的却表现出很疲累。如果是看看周围的话，paperen还是觉得自己过得很不错，我老是这样对我妈妈说的。</p><p>回去睡觉吧~~此文仅作为现在的我一种心态记录而已</p>', 1, 1, 311, 0, 0, 0, 1314880761, 0),
(36, '年总结Summary', '2011-year-summary', 1, '一年又是那么一下子结束掉，还觉得自己好像是毕业没多久。2011这个数字对于我来说也算有点意义，因为是从大学混到社会的一年。我只知道在这一年中自己某些人生观、对待某些事情的看法上确实有了变化，但无法告诉你那是什么，似乎这样的话很无解，但确实是这样的。<div><br /></div><div>我通常不会将自己的生活描述得太过于好，但也不会描述得太过于差，当偶尔在TM上有大学朋友问我过得如何时，我通常是使用“我过得不错（很好）”来回答，我想这是一个很好的消息，无论是对他还是对自己，或许这也是乐观的表现，但老实来说没有什么理由说自己过得不好，做到自己感兴趣工作的同时还赚到钱，能租到自己可以接受的房子，而且在深圳还有亲戚关照，还有什么不好。</div><div><br /></div><div>有时候在微博上或者是在与别人交流中总是能了解到一些关于价值观与人生观，但自己并不会很轻易就接受那些所谓的观点，或许我是变得保守了，我不知道这算不算是成熟，我只是想问问有多少人觉得自己是个很无趣的人。</div><div><br /></div><div>我的手机还是很沉默，没有打出去的也没有打过来的，24小时里除了闹铃与来自10086的短信，其他时间仿佛是感觉不到手机的存在，或许这证明了自己的圈子确实是太窄了，又或许这证明了自己并不是那种受欢迎的人。对于这种事情上自己偶尔会觉得自己没太多存在感，但是久而久之我就已经看透了，或许说是自暴自弃了。</div><div><br /></div><div>社交圈子上没有丝毫扩大，我还是活在自己的世界里，我还是带着主观的眼光去观看这个世界一切。有时候我也想生活上活跃点，但是改变对于自己来说实在是一个难题，跟陌生人交往自己还是略显得缺乏自信。</div><div><br /></div><div>音乐技能上，我想我终于可以不在C调上弹奏了，但是五线谱仍然没有熟悉，或许大家觉得很神奇，到底你怎么弹奏的，我的回答是我是按照感觉来弹的，我始终认为我是有那么一点音乐天赋的。而偶尔我又会怀念起我的吉他。</div><div><br /></div><div>对于工作，一天24小时里面我在公司的时间至少有13、14个小时，当然并不是说工作了这么久，午休那还是有的，或许这能解析为什么自己的圈子这么窄了，这也能给自己一个借口。我会在脑子里模拟一些情景，例如当别人问起自己怎么圈子这么窄时，我就可以说出自己的工作时长来帮自己解说，你看我每天用了一半时间在工作上，我这么勤劳当然圈子就这么窄了，然后他们就说我是工作狂，而不会觉得我是那种奇怪而且没趣的人，我又会模拟他们问我在公司这么时间干什么的问题，我说我在写代码搞东西，他们就应该会沉默起来了。</div><div><br /></div><div>我想我在回答这种问题的时候自己也会很颤抖，我会反问自己我真的有这么勤劳吗？貌似是这样的吧，但是有时候却是看不到什么进度，这种问题我总是很难解析的，久而久之我会避免跟老总们的眼神接触，或许是自己感到惭愧，并不是自己写的代码不好也不是自己架构的东西不好，我还是缺乏自信，因为我知道每当我将自己开发的东西拿出来或者是发布的时候，总会有那么一些人觉得做得还不够（包括我自己）。</div><div><br /></div><div>我在公司的职位上是技术主管（开发部其实就3人），我总避免跟同事交流的时候使用那种语气与架势，我不会称呼同事为小什么，小什么的，听起来别扭而且很操蛋。我们都是直接叫名字的。</div><div><br /></div><div>同时我又是一个假慈悲的主管，我有时会抱怨团队成员写代码的进度实在太低以至于自己动手去帮他们赶进度，有时候就是觉得他们智力是不是有点低，连个netbeans都用不好…操作速度太慢，太容易分散注意力了，但我也不是说团队成员能力不够，团队不好，自己知道这些抱怨也就是偶尔来一下，就像女人那个什么似的而已。我明白年轻人想法总是很多，当他们上手了php时就开始怀疑是不是应该要向java进军了，当他们玩上CI就怀疑是不是应该要熟练zend，但我更注重的是心态，我告诉他们我懂的就是一门语言php，我想如果你没有那种心态与目标即使你使用上最牛叉的语言也是徒然，在代码的世界里，我追求的并不是哪门语言更加牛叉，而是解决问题的思路与对问题的理解，语言不是最重要的，我经常向他们这样说，可惜没人会听进去，当然这没什么，听不进去其实也是很正常的事情，我相信某些搞技术的人有那么一种特性，往往越相识的人告诉你他的经验你就越不相信，他们宁愿相信从一个无名氏发表的帖子，宁愿相信一个完全不认识的所谓的牛人写的博客，都不会相信在他面前直接告诉自己经验与真理的人，我不知道这叫做自信过度还是什么变态心理学。</div><div><br /></div><div>我还是很enjoy写代码的世界里，我不单单乐于写php代码我还乐于写js，css，html，然后到数据库的索引、触发器等等，我也乐于参与界面设计，也乐于写写详细技术文档，我最近那个项目就写了1万多字的详细设计说明，别人可能就是认为我是ctrl+c然后ctrl+v出来的，但我确实是一字一句敲出来的，而至于有没有人看完我还真不知道，我只想为了后继的程序员提供一些方便，以便其对设计的理解，也有使用上svn与phpdocument作为团队开发的辅助工具，现在觉得还真离不开这些工具了。有时候我更觉得自己适合做一名代码农民工，有个大屏幕在netbeans里面就是那样敲代码，但是想想我还是想做架构的那个人，因为那个更有意思，那感觉就像是以前买来一盒高达模型，躲在房间里面将一片片塑料，拼成一个高达，然后就自娱自乐在床上模拟一个战场来场高达大战。开发就是很有意思的事情，当然我更喜欢将开发出来的东西做得更精美，被别人使用上，开发者最喜欢看到自己的东西被别人使用了，这是所有开发者的共性。</div><div><br /></div><div>对于爱情也没有任何收获，在分析了自己的性格与工作时间后就会觉得没有女朋友是必然的。但令自己惊奇的是我竟然对在公交上常遇到的某位女孩子动了心，还神奇到那天竟然考虑很久后傻傻地问她拿手机号，原本不是问手机号的，是打算问她要微博的，结果好像被误会了，拒绝了，然后她也就刚好到站了，走了。之后想了想，靠，她会是怎么想，我这不就是流氓么…为了这事情短路了一些时间，之后又自然而然地愈合了，因为没怎么看到她，也害怕见到她，之后在微博上又看到一句“如果要是有人说第一眼就看上你了，揍他吧，那是想和你上床的另一种表达方式”，虽然我没有认同但是我表示很无语…好吧，以后还是不这么傻了吧。</div><div><br /></div><div>深圳是个很富有的城市，富有到有时候我无所适从某些人的对话，我无法认同从他们的交谈中无时无刻散发出的观念，我在公交车上看到的所有打扮稍微时髦点的女孩子手机都是iphone，那些什么圣诞广告“爱我就送我smart”。我脑里面有很多疑问，我想知道自己到底是一个什么样的人，我有时候会因为没有帮助某人而感到自责，我会觉得我其实也是一个冷血的人但我很想证明我不是。</div><div><br /></div><div>我还记得很久之前自己写的一篇博客，叫写给26岁的自己，事到如今我已经差不多25了，作下承诺简单但是实现起来却是很难，我明白到人生的难题就是战胜自己，我明白到以前的高考中考成绩其实都是枉然，但是我经常会怀念过去读书的呆板但纯真的美好时光。我似乎知道很多东西，但是又告诉自己其实自己只是一知半解，我善于对自己使用心理暗示与压抑自己。</div><div><br /></div><div>下一年计划与愿望…</div><div><br /></div><div><ul><li>我想我可能会离开目前的公司，我打算去大一点的公司，开发团队人员更多的公司体会一下，自己在这一年做主管的时光里，就像是邓小平那句“摸着石头过河”，在性格上自己确实仍不符合作为一名主管，有些时候我会觉得自己对工作做得仍未够，开发速度仍未够快，仍未够好，我现在已经开始害怕后继的程序员在阅读自己这个架构与代码时的感觉，我仍然想去优化一下某些部分，但是时间上好像就总不够，或许我终于找到了一点理由让自己离开目前这个公司，但是我不敢在去想这个问题，因为我怕我又会打消这个主意，我相信一个真理，环境并不会影响你自身的发展与提高，其实在目前的公司也是一个很好的机遇，就看你怎样理解了。</li><li>微博应用的开发，我已经想拿微博开发者那个勋章很久了！</li><li>还是urlazy，它在我心目中如此的重要</li><li>自己博客的重构</li><li>学习一门新语言，之前已经看过python但是一直没有动手弄个东西，我想可以帮妈妈弄个东西辅助她管理辅导社的学生登记</li><li>买个洗衣机…</li><li>买个台式！我要大屏！我要装linux系统</li><li>吉他也得玩起</li><li>如果可以的话我还想要那个女孩子的手机号…</li></ul></div>', 1, 1, 224, 2, 0, 0, 1325268380, 0);

-- --------------------------------------------------------

--
-- 表的结构 `post_attachment`
--

CREATE TABLE IF NOT EXISTS `post_attachment` (
  `postid` int(10) unsigned NOT NULL COMMENT '文章ID',
  `attachmentid` int(10) unsigned NOT NULL COMMENT '附件ID',
  KEY `postid` (`postid`),
  KEY `attachmentid` (`attachmentid`)
) ENGINE=MyISAM DEFAULT CHARSET=utf8 COMMENT='文章附件关联表';

--
-- 转存表中的数据 `post_attachment`
--

INSERT INTO `post_attachment` (`postid`, `attachmentid`) VALUES
(1, 1),
(3, 2),
(1, 3);

-- --------------------------------------------------------

--
-- 表的结构 `post_tag`
--

CREATE TABLE IF NOT EXISTS `post_tag` (
  `postid` int(10) unsigned NOT NULL COMMENT '文章ID',
  `tagid` int(10) unsigned NOT NULL COMMENT '标签ID',
  KEY `postid` (`postid`,`tagid`)
) ENGINE=MyISAM DEFAULT CHARSET=utf8 COMMENT='文章标签关联表';

--
-- 转存表中的数据 `post_tag`
--

INSERT INTO `post_tag` (`postid`, `tagid`) VALUES
(1, 1),
(1, 2),
(2, 3),
(2, 4),
(2, 5),
(3, 6),
(3, 7),
(4, 8),
(4, 9);

-- --------------------------------------------------------

--
-- 表的结构 `tag`
--

CREATE TABLE IF NOT EXISTS `tag` (
  `id` int(10) unsigned NOT NULL auto_increment,
  `tag` varchar(15) NOT NULL COMMENT '标签',
  PRIMARY KEY  (`id`)
) ENGINE=MyISAM  DEFAULT CHARSET=utf8 COMMENT='标签' AUTO_INCREMENT=10 ;

--
-- 转存表中的数据 `tag`
--

INSERT INTO `tag` (`id`, `tag`) VALUES
(1, 'paperen'),
(2, '博客'),
(3, '面试'),
(4, '第一次'),
(5, '生活'),
(6, '福尔摩斯'),
(7, '吐槽'),
(8, '表单重复提交'),
(9, '令牌');

-- --------------------------------------------------------

--
-- 表的结构 `user`
--

CREATE TABLE IF NOT EXISTS `user` (
  `id` mediumint(8) unsigned NOT NULL auto_increment,
  `name` varchar(25) NOT NULL COMMENT '帐号',
  `password` char(32) NOT NULL COMMENT '密码',
  `lastlogin` int(10) unsigned NOT NULL COMMENT '最近登录时间戳',
  `lastip` int(10) unsigned NOT NULL COMMENT '最近登录IP',
  `identity` enum('admin','author','reader') NOT NULL default 'reader' COMMENT '身份',
  PRIMARY KEY  (`id`)
) ENGINE=MyISAM  DEFAULT CHARSET=utf8 COMMENT='用户表' AUTO_INCREMENT=3 ;

--
-- 转存表中的数据 `user`
--

INSERT INTO `user` (`id`, `name`, `password`, `lastlogin`, `lastip`, `identity`) VALUES
(1, '管理员', '64a69ea9e9df5a1f24c8e5abf926b4eb', 1289792105, 3071236922, 'admin'),
(2, 'paperen', '64a69ea9e9df5a1f24c8e5abf926b4eb', 1289792105, 3071236922, 'author');
